satisfaction,Customer Type,Age,Type of Travel,Class,Flight Distance,Seat comfort,Departure/Arrival time convenient,Food and drink,Gate location,Inflight wifi service,Inflight entertainment,Online support,Ease of Online booking,On-board service,Leg room service,Baggage handling,Checkin service,Cleanliness,Online boarding,Departure Delay in Minutes,Arrival Delay in Minutes
satisfied,Loyal Customer,33,Personal Travel,Eco,1535,4,3,3,3,4,5,4,4,5,4,5,3,3,4,0,0.0
dissatisfied,Loyal Customer,43,Business travel,Business,2730,1,1,1,1,4,4,4,1,1,2,1,3,1,3,6,0.0
satisfied,Loyal Customer,37,Personal Travel,Eco,3324,2,2,2,2,2,5,5,5,5,5,5,5,5,5,0,0.0
dissatisfied,Loyal Customer,25,Business travel,Business,5053,3,3,3,3,3,3,3,3,2,2,4,2,3,3,10,52.0
dissatisfied,Loyal Customer,52,Business travel,Business,302,3,4,4,4,3,1,1,3,3,4,3,4,3,3,97,123.0
satisfied,Loyal Customer,59,Business travel,Business,209,2,2,2,2,5,5,4,5,5,5,4,4,5,3,0,0.0
dissatisfied,Loyal Customer,37,Business travel,Business,4017,3,5,5,5,3,4,3,3,3,2,3,1,3,2,44,40.0
dissatisfied,Loyal Customer,18,Business travel,Business,3951,3,3,3,3,3,3,3,3,2,4,3,1,2,3,36,51.0
dissatisfied,Loyal Customer,16,Personal Travel,Eco,1825,3,3,3,3,2,3,1,2,1,5,3,2,4,2,0,0.0
satisfied,disloyal Customer,43,Personal Travel,Eco,2060,5,1,5,3,4,1,4,4,4,4,4,2,4,4,0,0.0
dissatisfied,disloyal Customer,20,Business travel,Eco,1954,3,0,4,1,5,4,3,5,4,5,4,4,3,5,0,0.0
dissatisfied,Loyal Customer,28,Personal Travel,Eco Plus,2244,4,5,4,4,4,4,4,4,4,3,5,3,4,4,0,0.0
dissatisfied,Loyal Customer,40,Personal Travel,Eco Plus,2090,3,4,5,3,5,5,5,5,2,3,1,1,2,5,44,24.0
dissatisfied,disloyal Customer,39,Business travel,Business,1972,4,3,3,1,5,3,3,5,5,5,5,4,4,5,0,0.0
dissatisfied,Loyal Customer,60,Personal Travel,Eco Plus,1008,3,5,3,4,4,5,5,1,1,3,1,3,1,3,0,0.0
dissatisfied,Loyal Customer,37,Business travel,Eco,1518,2,2,4,4,2,2,2,2,4,5,4,4,4,2,50,39.0
dissatisfied,Loyal Customer,14,Personal Travel,Eco,1631,3,2,5,3,2,5,2,2,1,1,2,1,3,2,74,73.0
satisfied,disloyal Customer,40,Business travel,Business,1724,4,3,3,3,5,3,5,5,5,5,5,3,4,5,0,0.0
dissatisfied,Loyal Customer,44,Personal Travel,Eco,205,4,5,0,1,3,4,4,4,4,0,2,5,4,5,57,80.0
dissatisfied,Loyal Customer,21,Business travel,Eco,1769,2,3,3,3,2,2,4,2,4,4,4,3,3,2,0,0.0
satisfied,Loyal Customer,54,Business travel,Business,2099,4,5,4,4,2,5,3,4,4,4,4,2,4,3,0,0.0
satisfied,Loyal Customer,42,Business travel,Business,461,4,4,4,4,3,4,5,4,4,4,4,5,4,5,0,0.0
satisfied,Loyal Customer,22,Business travel,Business,3438,4,4,4,4,5,5,5,5,3,3,4,5,4,5,3,0.0
satisfied,Loyal Customer,39,Business travel,Eco,1172,5,5,5,5,5,5,5,5,2,3,5,3,2,5,0,0.0
dissatisfied,Loyal Customer,58,Business travel,Business,2615,2,1,1,1,5,2,2,2,2,2,2,4,2,4,36,32.0
dissatisfied,disloyal Customer,23,Business travel,Business,2345,2,1,1,2,5,1,5,5,1,1,2,3,1,5,0,0.0
dissatisfied,disloyal Customer,37,Business travel,Business,3366,4,4,4,3,5,4,5,5,5,3,4,3,4,5,0,0.0
dissatisfied,Loyal Customer,43,Business travel,Eco,1663,3,1,1,1,3,3,3,3,3,3,3,1,4,3,0,0.0
dissatisfied,Loyal Customer,55,Business travel,Business,2914,3,5,5,5,3,4,3,3,3,3,3,2,3,4,0,0.0
satisfied,disloyal Customer,22,Business travel,Business,2606,0,0,0,2,5,0,4,5,5,4,5,5,5,5,1,0.0
dissatisfied,disloyal Customer,34,Business travel,Business,1941,3,3,3,2,3,3,3,3,3,5,5,4,4,3,0,0.0
satisfied,disloyal Customer,21,Business travel,Business,1428,4,2,4,3,3,4,3,3,5,5,4,4,5,3,0,0.0
dissatisfied,disloyal Customer,30,Business travel,Eco,1665,3,3,3,5,1,3,1,1,3,1,3,2,5,1,0,0.0
dissatisfied,disloyal Customer,25,Business travel,Eco,3315,2,2,2,3,5,2,1,5,2,3,3,2,3,5,17,0.0
satisfied,Loyal Customer,52,Business travel,Eco Plus,868,5,4,2,4,3,5,4,5,5,5,5,5,5,4,0,0.0
dissatisfied,Loyal Customer,45,Business travel,Eco,1208,3,4,4,4,5,4,4,3,3,3,3,4,3,3,0,0.0
dissatisfied,Loyal Customer,42,Business travel,Business,3761,2,4,4,4,1,4,3,2,2,2,2,1,2,4,41,50.0
satisfied,Loyal Customer,51,Personal Travel,Eco,1411,4,3,4,3,2,3,3,4,4,4,5,4,4,3,0,0.0
satisfied,Loyal Customer,11,Personal Travel,Eco,1175,5,5,2,5,5,5,5,5,5,5,4,1,2,5,0,0.0
satisfied,disloyal Customer,20,Business travel,Business,1626,5,0,5,3,3,5,3,3,5,5,5,4,5,3,0,0.0
dissatisfied,Loyal Customer,49,Business travel,Eco,590,2,4,2,4,2,4,4,2,2,2,2,3,2,2,39,30.0
satisfied,Loyal Customer,46,Business travel,Business,775,4,4,4,4,3,4,4,4,4,4,4,3,4,3,33,13.0
satisfied,Loyal Customer,45,Business travel,Business,3104,5,5,5,5,5,4,5,4,4,4,4,4,4,5,0,0.0
satisfied,Loyal Customer,28,Personal Travel,Eco,1167,1,1,1,1,4,3,5,1,1,2,1,3,1,4,11,0.0
dissatisfied,Loyal Customer,41,Business travel,Business,3472,4,5,5,5,2,3,4,4,4,4,4,3,4,3,20,21.0
dissatisfied,disloyal Customer,24,Business travel,Eco,2521,1,1,1,3,4,1,4,4,3,1,3,1,3,4,0,0.0
satisfied,Loyal Customer,60,Business travel,Business,3324,0,0,0,3,5,5,5,5,5,5,5,3,5,4,0,0.0
satisfied,Loyal Customer,56,Business travel,Eco Plus,259,4,4,4,4,2,4,3,4,4,4,4,1,4,3,0,0.0
dissatisfied,disloyal Customer,29,Business travel,Eco,2080,1,0,0,2,5,0,5,5,3,5,2,1,2,5,27,10.0
dissatisfied,Loyal Customer,60,Business travel,Eco Plus,358,1,5,5,5,2,3,3,2,2,1,2,3,2,3,2,12.0
dissatisfied,Loyal Customer,46,Business travel,Eco,816,3,3,3,3,3,2,3,3,3,3,3,1,3,3,46,25.0
dissatisfied,Loyal Customer,64,Personal Travel,Eco,1400,3,5,3,3,4,3,4,4,2,5,3,3,4,4,41,21.0
dissatisfied,Loyal Customer,41,Personal Travel,Eco,1277,2,3,1,3,2,1,2,2,1,2,3,1,2,2,9,4.0
satisfied,Loyal Customer,46,Personal Travel,Eco,434,5,4,5,3,3,5,5,3,2,3,4,2,4,3,0,0.0
satisfied,Loyal Customer,44,Business travel,Business,3701,4,4,4,4,5,5,5,3,2,5,1,5,2,5,126,133.0
satisfied,Loyal Customer,48,Personal Travel,Eco,440,4,4,5,1,2,5,2,2,5,5,3,3,4,2,0,0.0
dissatisfied,disloyal Customer,45,Business travel,Eco,1286,3,3,3,2,3,3,3,3,2,4,4,5,3,3,0,0.0
satisfied,Loyal Customer,44,Personal Travel,Eco Plus,583,3,3,3,3,5,4,5,2,2,2,2,3,2,3,0,0.0
satisfied,Loyal Customer,46,Business travel,Business,2914,2,2,2,2,5,5,5,5,5,5,5,5,5,4,7,29.0
dissatisfied,disloyal Customer,47,Business travel,Eco,2292,3,3,3,4,5,3,5,5,4,2,4,4,3,5,128,120.0
satisfied,Loyal Customer,47,Business travel,Business,1623,4,4,4,4,2,5,4,4,4,4,4,5,4,3,6,2.0
dissatisfied,disloyal Customer,20,Business travel,Eco,1597,2,2,2,3,3,2,3,3,3,2,4,3,4,3,0,2.0
dissatisfied,Loyal Customer,24,Personal Travel,Eco,2016,3,4,2,3,1,2,1,1,3,4,4,5,4,1,0,5.0
satisfied,disloyal Customer,20,Business travel,Business,1988,0,0,0,4,4,0,4,4,3,4,4,4,4,4,40,28.0
satisfied,Loyal Customer,49,Business travel,Business,892,3,3,3,3,4,5,4,5,5,5,5,3,5,5,7,0.0
dissatisfied,disloyal Customer,24,Business travel,Eco,1513,3,3,3,3,3,3,3,3,3,3,2,1,2,3,71,65.0
satisfied,Loyal Customer,62,Personal Travel,Eco,245,2,2,5,2,2,4,4,5,5,5,5,5,5,5,0,0.0
dissatisfied,disloyal Customer,51,Business travel,Eco,1922,3,2,3,2,2,3,2,2,4,2,3,4,2,2,0,0.0
satisfied,Loyal Customer,42,Business travel,Business,1170,1,1,1,1,5,5,5,2,2,2,2,3,2,3,8,0.0
satisfied,Loyal Customer,64,Personal Travel,Eco,2441,0,2,0,3,0,3,3,1,2,4,4,3,2,3,0,0.0
satisfied,Loyal Customer,45,Business travel,Eco,1148,5,4,4,4,2,3,3,5,5,5,5,1,5,4,0,0.0
dissatisfied,Loyal Customer,30,Business travel,Eco,1916,3,2,2,2,3,3,3,3,3,5,4,3,3,3,2,0.0
satisfied,Loyal Customer,52,Business travel,Business,2144,4,4,4,4,4,5,5,4,4,4,4,4,4,4,17,0.0
satisfied,Loyal Customer,33,Business travel,Eco Plus,2259,5,4,3,4,5,5,5,5,3,3,2,4,4,5,34,51.0
dissatisfied,Loyal Customer,48,Business travel,Business,72,1,1,1,1,3,3,3,2,2,2,1,4,2,1,2,7.0
dissatisfied,Loyal Customer,21,Personal Travel,Eco,2011,4,5,4,4,4,4,4,4,4,5,5,1,5,4,0,4.0
satisfied,Loyal Customer,58,Business travel,Business,1603,3,3,3,3,5,5,4,4,4,4,4,3,4,4,2,0.0
satisfied,Loyal Customer,48,Business travel,Business,743,3,3,3,3,2,5,5,4,4,4,4,4,4,3,0,0.0
satisfied,Loyal Customer,64,Personal Travel,Eco,889,3,3,3,3,5,4,4,5,5,5,5,4,5,4,0,0.0
dissatisfied,Loyal Customer,18,Personal Travel,Eco,2029,4,4,4,1,4,4,1,4,2,1,3,3,3,4,0,7.0
dissatisfied,disloyal Customer,27,Business travel,Eco,2411,3,3,3,4,4,3,4,4,1,4,3,1,4,4,108,103.0
satisfied,Loyal Customer,56,Business travel,Eco,1830,4,2,2,2,5,4,5,5,1,1,2,3,2,5,0,0.0
satisfied,Loyal Customer,66,Personal Travel,Eco Plus,875,2,2,2,2,5,4,5,5,5,5,5,3,5,5,0,0.0
dissatisfied,Loyal Customer,34,Personal Travel,Eco Plus,1225,3,4,3,3,1,3,1,1,3,5,4,5,4,1,0,0.0
dissatisfied,Loyal Customer,32,Personal Travel,Eco,2339,3,4,3,5,4,3,4,4,4,5,3,3,4,4,10,0.0
satisfied,Loyal Customer,9,Personal Travel,Eco,2071,5,4,5,4,4,5,4,4,3,2,3,1,3,4,12,0.0
satisfied,Loyal Customer,22,Business travel,Business,5313,5,5,5,5,5,5,3,5,2,3,5,2,1,5,0,23.0
dissatisfied,disloyal Customer,20,Business travel,Eco,1725,2,2,2,4,5,2,5,5,1,3,3,4,3,5,0,10.0
satisfied,Loyal Customer,47,Business travel,Business,2517,2,2,2,2,4,4,4,4,5,5,4,4,5,4,139,127.0
dissatisfied,disloyal Customer,23,Business travel,Eco,1388,3,0,3,3,2,3,2,2,1,5,1,2,4,2,0,0.0
satisfied,Loyal Customer,56,Business travel,Business,495,2,2,2,2,4,5,5,5,5,5,5,4,5,3,0,0.0
satisfied,Loyal Customer,39,Business travel,Business,877,1,1,1,1,4,4,4,5,5,5,5,5,5,5,0,0.0
satisfied,Loyal Customer,57,Business travel,Business,3563,3,5,3,3,4,5,5,5,5,5,5,4,5,5,0,0.0
dissatisfied,Loyal Customer,68,Personal Travel,Eco,1131,2,4,2,3,5,2,5,5,3,2,4,4,4,5,2,0.0
satisfied,Loyal Customer,55,Business travel,Business,1542,3,3,3,3,4,5,5,5,5,5,5,3,5,4,0,0.0
satisfied,Loyal Customer,46,Business travel,Business,2485,5,5,5,5,4,5,4,5,5,5,5,3,5,3,0,0.0
satisfied,disloyal Customer,42,Business travel,Business,1962,5,5,5,3,2,5,2,2,4,5,4,4,4,2,46,39.0
dissatisfied,Loyal Customer,30,Business travel,Business,1412,1,4,1,4,1,1,1,1,1,5,4,1,3,1,13,9.0
dissatisfied,Loyal Customer,55,Personal Travel,Eco,2885,3,4,3,4,2,3,2,2,4,3,3,2,3,2,0,0.0
satisfied,Loyal Customer,55,Personal Travel,Eco,140,3,3,3,3,5,5,5,4,4,4,4,5,4,3,0,2.0
dissatisfied,Loyal Customer,56,Business travel,Eco,517,3,3,3,3,1,1,2,2,2,3,2,2,2,4,20,17.0
satisfied,Loyal Customer,42,Business travel,Business,91,0,4,0,1,5,4,4,4,4,4,4,4,4,3,0,0.0
satisfied,Loyal Customer,66,Business travel,Business,3950,1,1,1,1,1,3,5,5,5,4,5,1,5,4,62,70.0
dissatisfied,Loyal Customer,41,Personal Travel,Eco,1157,3,5,3,1,3,3,5,3,3,5,5,5,4,3,0,0.0
satisfied,Loyal Customer,16,Business travel,Business,3550,2,2,2,2,5,5,5,5,3,2,3,4,5,5,2,0.0
satisfied,Loyal Customer,49,Business travel,Business,1508,2,2,2,2,5,4,4,5,5,4,5,4,5,4,21,18.0
satisfied,Loyal Customer,16,Personal Travel,Eco,1833,4,3,3,3,4,4,4,4,4,5,3,4,4,4,0,0.0
dissatisfied,Loyal Customer,29,Personal Travel,Eco,2801,2,5,2,3,4,2,4,4,3,2,4,3,4,4,9,0.0
dissatisfied,disloyal Customer,21,Business travel,Eco,1959,4,3,4,2,5,4,5,5,2,3,2,2,2,5,0,0.0
satisfied,Loyal Customer,19,Personal Travel,Eco Plus,1875,5,3,5,2,3,4,4,1,1,5,1,5,1,2,6,0.0
dissatisfied,disloyal Customer,32,Business travel,Business,1029,4,4,4,2,3,4,3,3,4,4,4,4,4,3,0,0.0
dissatisfied,Loyal Customer,36,Personal Travel,Eco,1689,3,4,5,1,4,5,4,4,5,4,4,5,4,4,0,6.0
satisfied,Loyal Customer,25,Business travel,Business,5221,3,3,3,3,4,4,4,4,4,5,5,1,1,4,0,0.0
satisfied,Loyal Customer,37,Business travel,Business,2737,3,3,3,3,2,5,4,5,5,5,5,3,5,5,0,1.0
dissatisfied,Loyal Customer,56,Business travel,Eco Plus,657,3,2,1,1,5,3,2,2,2,3,2,1,2,3,25,41.0
satisfied,Loyal Customer,52,Business travel,Eco,859,5,1,1,1,3,2,2,4,4,5,4,4,4,4,0,5.0
dissatisfied,Loyal Customer,36,Business travel,Business,336,4,2,2,2,4,3,3,4,4,4,4,4,4,3,71,67.0
dissatisfied,Loyal Customer,34,Personal Travel,Eco,2148,4,4,4,2,1,4,1,1,4,4,4,4,5,1,0,0.0
satisfied,Loyal Customer,47,Personal Travel,Eco,1776,4,5,4,2,1,4,1,1,5,2,4,5,4,1,8,6.0
satisfied,Loyal Customer,22,Business travel,Business,4411,5,5,3,5,4,4,4,4,2,3,5,3,3,4,21,11.0
satisfied,Loyal Customer,20,Personal Travel,Eco,2505,2,2,2,2,5,4,3,4,4,5,4,1,4,2,14,17.0
dissatisfied,Loyal Customer,33,Business travel,Business,3713,1,4,4,4,1,1,1,1,3,3,4,4,3,1,19,7.0
dissatisfied,Loyal Customer,51,Business travel,Business,3648,1,3,3,3,3,2,2,1,1,1,1,2,1,3,0,0.0
dissatisfied,Loyal Customer,28,Personal Travel,Eco,1050,2,5,2,4,3,2,5,3,5,1,3,3,4,3,0,0.0
dissatisfied,Loyal Customer,60,Personal Travel,Eco,1537,2,5,2,5,1,2,1,1,5,3,4,3,4,1,65,57.0
satisfied,Loyal Customer,33,Personal Travel,Eco,2229,3,3,5,3,5,5,5,5,4,2,5,5,4,5,0,0.0
satisfied,Loyal Customer,80,Business travel,Business,3663,4,4,4,4,4,4,5,4,4,4,4,4,4,5,0,0.0
dissatisfied,Loyal Customer,50,Personal Travel,Eco,2105,3,4,3,3,3,3,4,3,4,5,4,4,5,3,23,26.0
dissatisfied,disloyal Customer,17,Business travel,Eco,2177,1,4,1,3,1,1,1,4,4,3,3,1,4,1,163,179.0
dissatisfied,disloyal Customer,38,Business travel,Eco,1511,2,3,2,2,5,2,5,5,1,4,3,3,2,5,4,0.0
dissatisfied,disloyal Customer,23,Business travel,Eco,1792,2,2,3,3,2,3,3,2,4,1,4,2,4,2,0,7.0
dissatisfied,Loyal Customer,57,Personal Travel,Eco,1586,2,3,0,3,3,0,3,3,2,3,2,2,3,3,0,0.0
dissatisfied,Loyal Customer,39,Personal Travel,Eco,1458,3,5,1,2,5,1,5,5,3,5,1,3,5,5,0,0.0
satisfied,Loyal Customer,58,Personal Travel,Eco,666,5,2,4,4,2,3,4,4,4,4,4,2,4,1,0,7.0
dissatisfied,Loyal Customer,35,Business travel,Business,2418,2,1,3,3,2,4,4,2,2,2,2,3,2,1,0,6.0
satisfied,Loyal Customer,8,Personal Travel,Eco Plus,2245,1,1,3,1,2,4,5,2,2,2,2,5,2,5,5,11.0
dissatisfied,Loyal Customer,45,Business travel,Business,1978,3,4,4,4,3,3,3,3,3,3,3,4,3,1,0,0.0
satisfied,Loyal Customer,43,Business travel,Business,1572,0,0,0,5,3,5,5,2,2,2,2,4,2,4,80,74.0
dissatisfied,Loyal Customer,36,Business travel,Business,2415,2,1,1,1,5,4,4,2,2,2,2,1,2,1,0,0.0
satisfied,Loyal Customer,52,Business travel,Business,2701,1,1,5,1,4,4,4,5,5,5,5,5,5,5,0,0.0
satisfied,Loyal Customer,23,Personal Travel,Eco,1747,1,1,1,1,2,4,5,5,5,5,5,4,5,5,120,111.0
satisfied,Loyal Customer,38,Business travel,Eco Plus,1121,5,3,3,3,5,5,5,5,2,5,2,3,4,5,4,5.0
satisfied,Loyal Customer,25,Business travel,Eco,2290,4,2,2,2,4,4,4,5,2,5,3,4,5,4,194,186.0
satisfied,Loyal Customer,39,Business travel,Eco Plus,1396,4,5,5,5,4,4,4,4,3,2,1,4,3,4,0,2.0
satisfied,Loyal Customer,38,Personal Travel,Eco Plus,1367,5,1,1,1,5,5,5,5,2,2,4,4,5,5,67,45.0
dissatisfied,Loyal Customer,50,Personal Travel,Eco,2232,3,2,3,4,3,3,4,2,5,4,3,4,1,4,243,262.0
satisfied,Loyal Customer,24,Personal Travel,Eco,2497,4,4,3,4,2,4,5,5,5,5,5,4,5,3,0,0.0
dissatisfied,Loyal Customer,42,Personal Travel,Eco,2332,4,1,4,2,4,4,4,4,4,3,2,4,2,4,6,0.0
dissatisfied,Loyal Customer,32,Personal Travel,Eco,1526,4,4,4,4,1,4,1,1,3,5,5,3,5,1,0,0.0
satisfied,Loyal Customer,35,Business travel,Business,2875,0,0,0,4,3,2,5,2,2,2,2,5,2,2,0,0.0
satisfied,Loyal Customer,34,Personal Travel,Eco,2070,5,5,5,5,1,1,3,4,4,4,4,3,4,4,0,0.0
satisfied,Loyal Customer,34,Personal Travel,Business,523,0,4,0,3,4,4,5,2,2,0,2,5,2,4,89,76.0
satisfied,Loyal Customer,57,Business travel,Business,3925,2,4,2,2,5,4,4,4,4,4,4,3,4,4,0,4.0
satisfied,Loyal Customer,26,Personal Travel,Eco,2402,1,1,1,1,5,1,2,4,4,4,4,2,4,4,0,0.0
dissatisfied,Loyal Customer,54,Personal Travel,Business,94,1,5,1,4,3,4,4,1,1,1,1,4,1,4,0,0.0
dissatisfied,Loyal Customer,37,Business travel,Eco Plus,1482,2,5,5,5,2,2,2,2,3,3,3,2,3,2,6,5.0
dissatisfied,Loyal Customer,42,Business travel,Business,4022,4,2,2,2,2,2,2,4,4,4,4,3,4,3,14,3.0
dissatisfied,Loyal Customer,56,Personal Travel,Eco,2293,2,4,2,3,4,2,4,4,5,3,3,4,5,4,1,0.0
dissatisfied,Loyal Customer,65,Business travel,Eco Plus,2253,3,1,1,1,4,2,4,3,3,3,3,2,3,2,0,0.0
satisfied,Loyal Customer,38,Personal Travel,Eco,1658,4,4,4,3,5,4,5,5,3,4,4,4,4,5,5,8.0
dissatisfied,Loyal Customer,54,Personal Travel,Business,1001,3,5,3,2,5,5,5,3,3,3,3,5,3,3,0,0.0
satisfied,Loyal Customer,53,Business travel,Business,2172,4,3,4,4,3,4,5,4,4,4,4,4,4,3,0,0.0
dissatisfied,disloyal Customer,27,Business travel,Eco,1296,1,3,1,3,4,1,4,4,3,3,3,2,4,4,0,0.0
dissatisfied,Loyal Customer,52,Personal Travel,Business,639,3,0,3,3,4,5,3,1,1,3,1,3,1,3,0,0.0
satisfied,Loyal Customer,39,Business travel,Business,2360,5,5,1,5,5,4,5,3,3,4,3,3,3,3,0,0.0
satisfied,Loyal Customer,27,Business travel,Business,3671,4,5,4,4,2,2,2,2,1,5,1,4,4,2,0,11.0
satisfied,Loyal Customer,50,Business travel,Eco Plus,2084,4,5,5,5,4,4,4,4,2,1,1,5,1,4,0,0.0
dissatisfied,disloyal Customer,26,Business travel,Eco,2361,1,1,1,4,2,1,2,2,1,4,3,2,3,2,79,89.0
dissatisfied,Loyal Customer,8,Personal Travel,Eco,1927,1,5,0,2,5,0,5,5,3,2,4,5,4,5,0,0.0
satisfied,Loyal Customer,44,Business travel,Eco,2427,4,3,3,3,5,3,2,3,3,4,3,5,3,5,5,1.0
satisfied,Loyal Customer,54,Business travel,Business,2104,5,5,4,5,3,4,4,5,5,5,5,4,5,4,0,0.0
dissatisfied,Loyal Customer,31,Business travel,Business,1425,2,5,5,5,2,1,2,2,3,5,2,3,3,2,1,0.0
dissatisfied,disloyal Customer,26,Business travel,Eco,1483,3,1,3,3,2,3,2,2,1,4,3,1,3,2,2,5.0
dissatisfied,Loyal Customer,16,Personal Travel,Eco,2936,1,4,1,3,1,1,1,5,3,5,4,1,4,1,156,141.0
satisfied,Loyal Customer,23,Personal Travel,Eco,2459,1,1,5,1,4,5,4,4,4,4,4,5,4,5,50,44.0
satisfied,Loyal Customer,39,Business travel,Business,1477,5,5,5,5,2,4,5,4,4,4,4,4,4,3,0,14.0
satisfied,Loyal Customer,46,Business travel,Business,1547,4,4,4,4,4,4,4,4,4,4,4,4,4,3,1,0.0
dissatisfied,disloyal Customer,36,Business travel,Eco,1255,3,0,3,3,1,3,1,1,2,5,4,4,2,1,1,1.0
dissatisfied,disloyal Customer,39,Business travel,Eco,1713,2,0,2,3,5,2,5,5,2,5,2,3,2,5,0,0.0
dissatisfied,Loyal Customer,21,Business travel,Eco,2259,2,3,5,3,2,2,3,2,2,1,4,1,4,2,0,0.0
satisfied,Loyal Customer,38,Business travel,Business,3211,3,3,3,3,5,3,3,5,5,5,4,1,5,5,10,3.0
satisfied,Loyal Customer,34,Personal Travel,Eco,1983,5,5,1,5,5,4,5,4,4,4,4,3,4,3,17,0.0
satisfied,Loyal Customer,46,Business travel,Business,3842,5,5,5,5,2,5,4,4,4,4,4,3,4,5,1,0.0
satisfied,Loyal Customer,49,Business travel,Business,3493,5,5,5,5,2,5,5,4,4,4,4,3,4,3,0,0.0
satisfied,Loyal Customer,30,Business travel,Business,5170,3,3,3,3,4,4,4,4,3,4,4,4,3,4,327,326.0
satisfied,Loyal Customer,35,Personal Travel,Eco Plus,1327,5,5,5,5,3,4,5,5,5,4,5,3,5,4,0,0.0
satisfied,Loyal Customer,24,Business travel,Business,3300,2,2,3,2,4,4,4,4,5,3,5,3,5,4,0,0.0
satisfied,Loyal Customer,41,Business travel,Business,1388,3,4,3,3,2,4,5,4,4,4,4,5,4,4,93,93.0
satisfied,Loyal Customer,24,Business travel,Eco Plus,1256,4,5,5,5,4,4,4,4,3,3,2,3,5,4,0,0.0
satisfied,Loyal Customer,20,Personal Travel,Eco,1302,5,5,5,5,2,4,5,5,5,5,5,5,5,4,70,102.0
dissatisfied,Loyal Customer,44,Business travel,Business,3076,2,4,4,4,4,3,3,2,2,1,2,3,2,4,0,1.0
dissatisfied,disloyal Customer,39,Business travel,Business,2068,1,1,1,4,4,1,4,4,3,1,4,3,4,4,0,0.0
dissatisfied,Loyal Customer,19,Business travel,Eco,1735,3,1,1,1,3,3,1,3,3,5,3,3,3,3,12,14.0
dissatisfied,Loyal Customer,66,Business travel,Eco,875,3,4,4,4,3,3,2,3,3,3,3,1,3,4,14,8.0
satisfied,Loyal Customer,58,Business travel,Business,367,3,3,2,3,2,5,4,5,5,5,5,3,5,3,0,0.0
dissatisfied,Loyal Customer,17,Business travel,Business,4625,3,1,3,1,3,3,3,3,1,2,3,4,4,3,0,0.0
satisfied,Loyal Customer,35,Business travel,Eco Plus,2460,4,4,4,4,4,4,4,4,3,2,5,3,2,4,6,0.0
satisfied,Loyal Customer,25,Business travel,Business,1312,2,2,2,2,4,4,4,4,5,2,5,5,5,4,0,0.0
satisfied,Loyal Customer,34,Business travel,Business,2550,4,4,4,4,3,4,2,5,5,5,5,2,5,2,0,0.0
satisfied,disloyal Customer,24,Business travel,Business,2059,0,0,0,4,4,0,3,4,5,2,5,4,4,4,19,15.0
satisfied,Loyal Customer,72,Business travel,Business,1771,2,2,2,2,5,4,5,5,5,5,4,3,5,5,0,0.0
satisfied,Loyal Customer,41,Business travel,Business,2349,2,2,2,2,2,5,4,5,5,5,5,3,5,4,0,0.0
dissatisfied,Loyal Customer,55,Business travel,Business,2390,1,5,5,5,3,4,3,1,1,1,1,1,1,3,0,0.0
satisfied,Loyal Customer,43,Business travel,Business,3564,1,1,1,1,5,4,5,4,4,5,4,3,4,4,0,0.0
dissatisfied,Loyal Customer,45,Personal Travel,Eco,2186,2,5,2,4,2,2,2,2,4,5,4,3,4,2,1,36.0
dissatisfied,Loyal Customer,56,Personal Travel,Eco Plus,1872,3,4,3,5,4,3,4,4,4,3,5,5,5,4,43,44.0
dissatisfied,Loyal Customer,51,Business travel,Eco,405,4,2,2,2,4,3,4,3,3,4,3,3,3,4,7,0.0
satisfied,Loyal Customer,32,Business travel,Business,4446,5,5,5,5,4,5,4,4,2,5,3,1,2,4,0,0.0
satisfied,Loyal Customer,53,Business travel,Business,1624,4,4,4,4,2,5,5,4,4,4,4,3,4,4,96,79.0
dissatisfied,disloyal Customer,35,Business travel,Business,1715,3,3,3,5,4,3,3,4,3,4,4,3,5,4,0,0.0
dissatisfied,disloyal Customer,30,Business travel,Eco,1712,1,0,1,4,3,1,1,3,5,3,2,4,1,3,0,0.0
satisfied,Loyal Customer,60,Business travel,Business,555,3,3,3,3,2,4,4,4,4,4,4,4,4,4,5,0.0
satisfied,Loyal Customer,54,Business travel,Business,2250,2,2,2,2,4,4,4,5,3,5,1,4,3,4,0,90.0
satisfied,Loyal Customer,51,Business travel,Business,334,4,4,4,4,4,5,5,5,5,5,5,3,5,3,3,2.0
satisfied,Loyal Customer,45,Business travel,Business,86,2,2,3,2,1,2,4,4,4,4,4,1,4,3,0,0.0
satisfied,Loyal Customer,49,Business travel,Business,288,5,5,5,5,3,5,5,5,5,5,5,3,5,4,0,0.0
dissatisfied,Loyal Customer,33,Personal Travel,Eco,2176,2,1,2,2,1,2,1,1,2,1,2,2,2,1,0,0.0
satisfied,Loyal Customer,36,Business travel,Business,1633,5,5,5,5,2,4,5,5,5,5,5,5,5,4,37,18.0
dissatisfied,Loyal Customer,54,Business travel,Eco,697,2,5,5,5,3,4,4,3,3,2,3,3,3,3,0,6.0
satisfied,Loyal Customer,41,Personal Travel,Eco,1408,5,5,5,5,4,5,4,4,3,3,4,3,5,4,0,0.0
dissatisfied,Loyal Customer,49,Personal Travel,Eco,1595,2,4,3,1,5,3,5,5,3,2,4,4,4,5,0,6.0
dissatisfied,Loyal Customer,48,Business travel,Eco,1630,2,4,4,4,2,2,2,2,3,3,4,4,3,2,0,0.0
dissatisfied,Loyal Customer,52,Business travel,Business,1635,3,2,4,4,3,4,4,3,3,3,3,1,3,3,0,8.0
dissatisfied,Loyal Customer,62,Personal Travel,Eco Plus,2059,1,3,1,3,1,2,2,3,2,3,3,2,3,2,209,213.0
dissatisfied,Loyal Customer,39,Personal Travel,Eco,1846,2,5,2,3,5,2,4,5,4,4,4,5,4,5,2,0.0
satisfied,Loyal Customer,41,Business travel,Business,1202,5,5,5,5,4,5,4,5,5,5,5,3,5,3,0,0.0
satisfied,Loyal Customer,20,Business travel,Business,1559,2,2,2,2,5,5,5,5,1,5,1,5,5,5,9,0.0
dissatisfied,Loyal Customer,37,Business travel,Business,1183,2,3,3,3,2,4,4,2,2,2,2,3,2,3,0,0.0
dissatisfied,disloyal Customer,47,Business travel,Eco,1729,3,3,3,3,5,3,5,5,1,1,2,5,5,5,0,0.0
dissatisfied,disloyal Customer,25,Business travel,Eco,2413,4,4,4,4,4,4,4,4,2,3,4,4,3,4,0,39.0
dissatisfied,disloyal Customer,37,Business travel,Business,2136,3,3,3,3,4,3,4,4,3,3,4,3,3,4,2,0.0
satisfied,Loyal Customer,44,Business travel,Business,2012,5,5,5,5,3,4,4,4,4,4,4,5,4,4,2,3.0
dissatisfied,disloyal Customer,36,Business travel,Eco,1334,3,1,3,3,4,3,4,4,1,3,2,2,3,4,0,0.0
satisfied,Loyal Customer,49,Business travel,Business,260,2,2,2,2,5,4,4,5,5,5,3,2,5,4,0,0.0
satisfied,Loyal Customer,39,Business travel,Business,1579,3,3,3,3,2,5,4,5,5,5,5,4,5,5,15,5.0
dissatisfied,Loyal Customer,26,Personal Travel,Eco,2092,1,5,1,3,3,1,2,3,3,3,5,3,4,3,0,0.0
satisfied,Loyal Customer,26,Personal Travel,Eco,2559,5,5,5,5,3,5,5,4,4,4,4,5,4,3,25,30.0
dissatisfied,disloyal Customer,37,Business travel,Business,1975,1,1,1,4,4,1,3,4,3,4,4,5,4,4,0,0.0
dissatisfied,disloyal Customer,28,Business travel,Eco,1826,4,0,4,5,1,4,1,1,3,2,3,2,5,1,0,11.0
satisfied,Loyal Customer,35,Business travel,Business,537,5,5,5,5,2,1,3,5,5,5,5,2,5,3,0,10.0
satisfied,disloyal Customer,18,Business travel,Eco,2317,0,0,0,2,3,0,3,3,5,3,5,5,5,3,0,0.0
dissatisfied,Loyal Customer,64,Business travel,Business,3558,1,3,3,3,1,4,3,3,3,3,1,2,3,3,10,4.0
satisfied,Loyal Customer,59,Business travel,Business,1980,2,2,2,2,5,4,5,5,5,5,5,4,5,5,0,0.0
dissatisfied,Loyal Customer,52,Personal Travel,Eco,441,4,4,4,3,4,4,5,5,5,4,1,3,5,3,0,23.0
satisfied,Loyal Customer,53,Business travel,Eco,1493,2,5,5,5,2,2,2,2,4,1,1,3,5,2,93,85.0
satisfied,Loyal Customer,49,Business travel,Business,682,2,2,2,2,5,4,5,4,4,4,4,3,4,4,0,0.0
satisfied,Loyal Customer,47,Personal Travel,Eco,787,5,5,5,5,2,5,4,4,4,4,4,3,4,4,0,0.0
dissatisfied,Loyal Customer,78,Business travel,Business,2512,1,5,5,5,5,3,3,1,1,2,1,3,1,1,32,32.0
satisfied,Loyal Customer,31,Business travel,Business,4944,3,3,4,3,4,4,4,4,5,5,4,5,5,4,2,0.0
satisfied,Loyal Customer,46,Personal Travel,Eco,281,3,3,5,3,5,5,4,5,5,4,5,3,5,3,0,0.0
satisfied,Loyal Customer,46,Personal Travel,Eco,2090,2,2,2,2,2,4,4,4,4,4,4,3,4,4,0,0.0
dissatisfied,Loyal Customer,52,Personal Travel,Eco,3427,2,5,2,4,2,4,4,3,3,4,4,4,5,4,302,314.0
satisfied,Loyal Customer,42,Business travel,Business,1800,4,4,4,4,5,4,5,4,4,4,4,3,4,5,0,0.0
dissatisfied,disloyal Customer,37,Business travel,Eco,2258,3,1,3,4,5,3,5,5,3,3,4,1,4,5,0,0.0
satisfied,Loyal Customer,43,Business travel,Business,259,3,3,3,3,4,5,5,4,4,4,4,3,4,3,6,0.0
satisfied,disloyal Customer,25,Business travel,Business,2634,0,0,0,2,1,0,1,1,5,4,4,5,5,1,96,65.0
satisfied,Loyal Customer,42,Business travel,Business,1416,1,1,1,1,2,4,4,5,5,5,5,3,5,5,5,27.0
dissatisfied,Loyal Customer,39,Personal Travel,Eco,1308,2,5,2,2,2,2,2,2,3,2,4,3,5,2,0,0.0
satisfied,Loyal Customer,53,Personal Travel,Eco,954,5,3,5,4,1,4,3,1,1,5,1,4,1,3,1,0.0
dissatisfied,Loyal Customer,20,Personal Travel,Eco,1475,2,4,2,2,3,2,3,3,3,5,5,4,4,3,0,0.0
dissatisfied,disloyal Customer,36,Business travel,Eco,1120,3,3,3,3,3,3,3,3,2,2,2,3,4,3,0,3.0
dissatisfied,disloyal Customer,48,Business travel,Eco,2392,2,1,1,4,1,1,1,1,2,4,1,3,2,1,0,6.0
dissatisfied,Loyal Customer,22,Personal Travel,Eco,2292,1,5,0,3,4,0,4,4,2,4,3,2,5,4,0,2.0
satisfied,Loyal Customer,52,Business travel,Business,2088,0,0,0,3,2,5,4,2,2,2,2,3,2,5,7,9.0
satisfied,Loyal Customer,27,Business travel,Business,1602,3,3,2,3,5,5,5,5,3,2,4,4,5,5,67,64.0
dissatisfied,Loyal Customer,12,Personal Travel,Eco Plus,3949,1,4,1,4,2,1,2,2,3,5,3,4,4,2,60,59.0
dissatisfied,disloyal Customer,35,Business travel,Business,2808,3,3,3,1,4,3,1,4,5,4,4,5,5,4,0,0.0
dissatisfied,Loyal Customer,31,Personal Travel,Eco,2012,1,5,1,1,5,1,5,5,5,2,5,5,4,5,0,0.0
satisfied,Loyal Customer,34,Business travel,Business,1777,4,4,4,4,4,3,5,5,5,5,5,4,5,4,0,7.0
satisfied,Loyal Customer,46,Business travel,Eco,1238,4,4,5,5,4,4,4,4,5,5,3,2,4,4,0,0.0
satisfied,Loyal Customer,55,Business travel,Business,2527,1,1,1,1,4,4,4,4,2,4,5,4,5,4,15,27.0
satisfied,Loyal Customer,59,Business travel,Business,72,2,2,2,2,5,4,4,4,4,4,5,4,4,4,0,0.0
satisfied,Loyal Customer,51,Business travel,Business,2806,3,2,3,3,3,4,5,4,4,4,4,4,4,5,15,6.0
satisfied,Loyal Customer,52,Business travel,Business,3321,3,3,3,3,3,4,3,5,5,5,5,3,5,5,0,0.0
dissatisfied,Loyal Customer,47,Personal Travel,Eco,2027,3,2,3,3,1,3,1,1,4,4,3,3,3,1,0,0.0
dissatisfied,disloyal Customer,37,Business travel,Business,1556,3,3,3,3,5,3,5,5,1,5,3,3,3,5,40,48.0
satisfied,Loyal Customer,25,Business travel,Business,1452,0,4,0,3,4,4,4,4,5,2,4,5,5,4,8,0.0
dissatisfied,disloyal Customer,29,Business travel,Eco,2265,1,1,1,2,2,1,4,2,1,3,3,4,3,2,0,0.0
satisfied,Loyal Customer,54,Business travel,Business,2643,4,4,4,4,4,4,4,2,2,2,2,3,2,5,0,31.0
satisfied,Loyal Customer,31,Business travel,Business,1369,5,5,5,5,5,5,5,5,4,2,4,5,4,5,0,0.0
dissatisfied,Loyal Customer,36,Business travel,Eco,1733,2,3,3,3,2,2,2,2,4,4,2,4,2,2,7,2.0
satisfied,Loyal Customer,45,Business travel,Business,2792,4,2,4,4,2,5,4,5,5,5,5,4,5,5,1,2.0
dissatisfied,Loyal Customer,12,Personal Travel,Eco,1489,4,3,4,1,2,4,2,2,1,1,1,2,4,2,0,0.0
satisfied,disloyal Customer,19,Business travel,Business,2274,5,0,5,1,2,5,2,2,3,3,5,3,5,2,0,0.0
dissatisfied,disloyal Customer,40,Business travel,Eco,2096,1,0,1,1,5,1,1,5,3,2,2,2,1,5,0,0.0
satisfied,Loyal Customer,38,Business travel,Business,644,2,2,2,2,4,4,4,4,4,4,4,3,4,3,0,0.0
satisfied,Loyal Customer,58,Personal Travel,Eco,631,0,0,0,5,5,1,1,1,1,1,1,4,1,3,26,13.0
dissatisfied,Loyal Customer,54,Business travel,Eco Plus,2238,1,1,5,1,1,1,1,1,1,1,3,2,4,1,7,4.0
dissatisfied,disloyal Customer,39,Business travel,Business,1553,2,2,2,1,1,2,1,1,3,3,4,5,5,1,0,0.0
satisfied,Loyal Customer,41,Business travel,Business,2108,3,3,5,3,2,5,4,5,5,5,5,4,5,5,79,79.0
satisfied,Loyal Customer,35,Business travel,Business,2842,5,5,5,5,5,1,1,5,5,5,4,3,5,5,0,0.0
satisfied,Loyal Customer,43,Personal Travel,Eco,93,4,4,2,4,4,5,5,2,2,2,2,4,2,5,0,0.0
satisfied,Loyal Customer,70,Personal Travel,Eco,88,1,1,1,1,4,5,4,3,3,3,3,5,3,5,0,0.0
satisfied,Loyal Customer,66,Personal Travel,Eco,369,5,3,1,2,3,2,4,2,2,1,2,5,2,5,16,16.0
satisfied,Loyal Customer,57,Business travel,Business,1998,2,2,2,2,3,5,5,5,5,5,5,3,5,5,11,34.0
dissatisfied,Loyal Customer,19,Personal Travel,Eco,1886,2,5,2,3,5,2,5,5,4,5,3,5,4,5,0,0.0
satisfied,Loyal Customer,31,Business travel,Business,3374,3,3,3,3,4,5,4,4,5,3,4,3,4,4,0,0.0
satisfied,Loyal Customer,25,Personal Travel,Eco,2578,4,5,4,5,2,4,2,2,4,3,4,4,4,2,0,2.0
dissatisfied,disloyal Customer,41,Business travel,Eco,1358,3,5,3,3,3,3,3,3,4,2,4,5,3,3,0,0.0
dissatisfied,Loyal Customer,54,Business travel,Business,885,3,4,4,4,3,3,3,3,3,3,3,3,3,3,10,40.0
satisfied,Loyal Customer,57,Business travel,Business,70,5,5,5,5,4,3,4,5,5,5,3,2,5,4,7,4.0
satisfied,Loyal Customer,36,Business travel,Eco,1660,4,4,4,4,4,4,4,4,2,4,4,5,2,4,5,0.0
satisfied,Loyal Customer,40,Business travel,Business,2694,4,4,4,4,3,4,4,5,5,5,5,5,5,5,3,0.0
satisfied,disloyal Customer,21,Business travel,Eco,1707,4,0,4,2,5,4,1,5,4,2,3,3,1,5,9,1.0
satisfied,Loyal Customer,29,Personal Travel,Eco,4169,2,2,2,2,4,5,4,4,4,4,4,3,4,5,0,0.0
dissatisfied,disloyal Customer,25,Business travel,Eco,2231,3,4,4,3,3,3,3,3,2,3,3,4,4,3,0,0.0
dissatisfied,Loyal Customer,69,Personal Travel,Eco,1500,3,1,3,3,4,3,4,4,1,2,2,2,3,4,0,8.0
satisfied,Loyal Customer,60,Personal Travel,Eco,1052,2,2,2,2,5,5,5,4,4,4,4,5,4,4,0,0.0
satisfied,Loyal Customer,59,Business travel,Business,289,5,5,5,5,5,5,4,5,5,5,5,4,5,4,11,0.0
dissatisfied,disloyal Customer,26,Business travel,Business,2245,2,2,2,3,3,2,3,3,4,2,5,4,4,3,0,10.0
dissatisfied,disloyal Customer,33,Personal Travel,Eco,4166,3,2,3,4,3,3,3,3,1,4,4,3,4,3,65,72.0
dissatisfied,Loyal Customer,39,Business travel,Business,3732,3,4,4,4,5,3,3,3,3,3,3,3,3,3,0,0.0
dissatisfied,disloyal Customer,32,Business travel,Eco,2416,2,2,2,4,2,2,2,2,4,3,3,1,4,2,13,17.0
dissatisfied,Loyal Customer,73,Business travel,Business,1723,4,3,3,3,3,4,3,1,1,1,4,2,1,4,0,0.0
satisfied,Loyal Customer,45,Business travel,Business,2460,2,2,2,2,4,5,4,4,4,5,4,5,4,4,0,0.0
dissatisfied,Loyal Customer,59,Personal Travel,Eco,1227,1,4,0,4,5,0,5,5,1,4,4,4,4,5,1,0.0
satisfied,Loyal Customer,51,Business travel,Business,2256,3,3,3,3,4,4,5,4,4,4,4,3,4,5,0,0.0
satisfied,Loyal Customer,32,Business travel,Business,3359,4,4,4,4,3,2,3,3,2,5,4,3,5,3,38,31.0
satisfied,Loyal Customer,69,Personal Travel,Eco,925,4,4,4,4,3,3,4,2,2,2,2,4,2,4,1,23.0
satisfied,Loyal Customer,50,Business travel,Business,3468,4,4,4,4,5,5,4,5,5,5,5,3,5,4,16,18.0
dissatisfied,Loyal Customer,16,Business travel,Business,1829,4,2,2,2,4,4,4,4,3,1,3,4,3,4,4,1.0
dissatisfied,Loyal Customer,40,Business travel,Business,3461,4,2,2,2,2,3,4,4,4,4,4,1,4,2,7,0.0
satisfied,Loyal Customer,61,Business travel,Business,3476,2,2,2,2,2,1,3,5,5,5,5,4,5,2,8,3.0
satisfied,Loyal Customer,40,Business travel,Business,683,2,2,2,2,2,5,5,5,5,5,5,5,5,5,0,0.0
dissatisfied,disloyal Customer,19,Business travel,Eco,1989,4,4,4,5,5,4,5,5,3,3,5,5,5,5,10,48.0
satisfied,Loyal Customer,9,Business travel,Business,2693,2,1,2,2,3,4,3,3,5,5,4,5,3,3,0,0.0
dissatisfied,disloyal Customer,17,Business travel,Eco,2730,1,1,1,4,4,1,4,4,3,4,4,2,4,4,49,40.0
dissatisfied,Loyal Customer,59,Personal Travel,Eco,93,4,5,4,2,4,4,5,5,5,4,5,4,5,4,0,0.0
satisfied,Loyal Customer,64,Personal Travel,Eco,3716,5,1,5,4,5,2,2,3,4,3,3,2,4,2,5,0.0
satisfied,Loyal Customer,54,Business travel,Business,4002,4,4,4,4,5,4,4,5,5,5,5,4,5,3,6,0.0
satisfied,Loyal Customer,49,Business travel,Business,2358,2,2,2,2,5,3,5,5,5,5,5,4,5,5,0,10.0
dissatisfied,Loyal Customer,42,Business travel,Eco,2268,1,5,5,5,1,1,1,1,4,4,3,3,3,1,0,4.0
satisfied,Loyal Customer,49,Personal Travel,Eco,995,1,1,5,1,5,4,5,2,2,2,2,5,2,3,7,10.0
satisfied,Loyal Customer,57,Business travel,Business,981,1,1,1,1,4,5,5,3,3,3,3,3,3,3,14,14.0
satisfied,Loyal Customer,56,Business travel,Business,2926,2,2,2,2,5,4,5,4,4,4,4,3,4,4,0,0.0
satisfied,Loyal Customer,42,Business travel,Business,4878,4,4,4,4,4,4,4,5,4,5,4,4,5,4,158,142.0
dissatisfied,Loyal Customer,41,Business travel,Business,2105,1,4,4,4,2,3,3,1,1,1,1,2,1,2,12,38.0
satisfied,Loyal Customer,40,Business travel,Business,530,3,3,3,3,5,4,5,5,5,5,5,5,5,5,81,130.0
dissatisfied,Loyal Customer,57,Personal Travel,Eco Plus,1756,1,4,1,3,3,1,3,3,3,4,4,3,4,3,0,0.0
dissatisfied,Loyal Customer,37,Personal Travel,Eco,2243,4,5,2,5,4,2,4,4,3,4,4,3,5,4,48,42.0
satisfied,Loyal Customer,51,Business travel,Business,203,3,3,1,3,4,4,2,3,3,4,5,5,3,1,12,5.0
dissatisfied,disloyal Customer,38,Business travel,Eco,1861,3,3,3,3,3,5,1,1,2,3,3,1,1,1,0,31.0
dissatisfied,disloyal Customer,27,Business travel,Eco,2992,2,2,2,4,3,2,3,3,1,4,2,3,4,3,22,33.0
satisfied,Loyal Customer,56,Business travel,Business,224,3,3,3,3,5,5,5,5,5,5,5,3,5,3,0,0.0
satisfied,Loyal Customer,9,Personal Travel,Eco,1735,2,2,4,2,2,1,2,5,5,4,4,2,5,4,10,16.0
dissatisfied,Loyal Customer,7,Personal Travel,Eco,1210,1,3,1,3,2,1,2,2,1,5,4,1,3,2,0,0.0
dissatisfied,Loyal Customer,47,Business travel,Business,5403,3,4,4,4,3,3,3,1,4,3,2,3,2,3,182,184.0
satisfied,Loyal Customer,53,Business travel,Business,3528,5,5,5,5,5,5,4,3,3,3,3,5,3,3,43,43.0
satisfied,Loyal Customer,60,Personal Travel,Eco,275,0,5,0,2,3,1,2,2,2,0,2,2,2,3,0,7.0
satisfied,Loyal Customer,19,Business travel,Eco Plus,1792,5,4,4,4,5,5,5,5,4,5,3,4,1,5,6,0.0
satisfied,Loyal Customer,43,Business travel,Business,3119,2,2,2,2,2,5,4,3,3,4,3,4,3,5,0,13.0
satisfied,Loyal Customer,49,Business travel,Business,2290,4,4,4,4,2,5,4,2,2,2,2,4,2,4,0,2.0
satisfied,Loyal Customer,45,Business travel,Business,1922,2,2,2,2,1,5,3,4,4,4,4,3,4,4,0,0.0
satisfied,Loyal Customer,53,Business travel,Business,2643,1,1,1,1,4,4,5,4,4,4,4,3,4,5,0,5.0
dissatisfied,Loyal Customer,7,Personal Travel,Eco,2344,4,4,2,4,1,2,1,1,5,2,4,3,5,1,10,0.0
dissatisfied,Loyal Customer,22,Business travel,Business,4293,4,2,2,2,4,4,4,4,2,4,4,1,3,4,22,4.0
dissatisfied,disloyal Customer,38,Business travel,Eco,1338,1,0,1,2,3,1,3,3,5,2,1,4,3,3,1,6.0
dissatisfied,Loyal Customer,42,Business travel,Business,1624,1,2,2,2,3,4,4,1,1,1,1,1,1,4,8,0.0
dissatisfied,Loyal Customer,40,Business travel,Business,3117,2,2,2,2,2,4,3,2,2,3,2,4,2,3,106,125.0
dissatisfied,Loyal Customer,24,Personal Travel,Eco,2699,3,5,3,4,1,3,1,1,5,3,5,4,5,1,0,0.0
satisfied,Loyal Customer,56,Business travel,Business,3323,2,2,2,2,2,5,3,4,4,5,4,1,4,3,32,29.0
dissatisfied,Loyal Customer,13,Personal Travel,Eco Plus,1364,4,5,4,2,4,4,4,4,5,4,4,5,5,4,0,0.0
dissatisfied,Loyal Customer,21,Personal Travel,Eco,2663,4,1,4,2,1,4,1,1,3,3,1,4,1,1,0,0.0
dissatisfied,Loyal Customer,69,Business travel,Business,2564,4,1,5,1,1,3,3,4,4,4,4,4,4,3,0,0.0
dissatisfied,Loyal Customer,45,Business travel,Business,3014,3,3,3,3,4,4,4,3,3,2,3,2,3,3,0,0.0
satisfied,Loyal Customer,25,Business travel,Business,1658,2,2,2,2,4,4,4,4,5,4,4,4,5,4,19,14.0
dissatisfied,Loyal Customer,57,Business travel,Eco,1629,1,0,0,4,3,1,3,3,4,4,4,4,4,3,1,9.0
satisfied,Loyal Customer,52,Business travel,Eco,1864,4,4,5,4,4,4,4,4,1,4,1,4,5,4,0,0.0
satisfied,Loyal Customer,48,Business travel,Business,2240,5,5,5,5,3,5,4,4,4,5,4,5,4,3,0,0.0
satisfied,Loyal Customer,58,Business travel,Business,418,1,1,1,1,4,4,5,4,4,4,4,4,4,5,17,4.0
dissatisfied,Loyal Customer,42,Personal Travel,Eco,1392,4,5,3,2,5,4,5,4,4,3,4,4,4,4,0,0.0
satisfied,Loyal Customer,46,Business travel,Business,2599,1,1,2,1,4,5,5,3,5,4,5,5,5,5,13,9.0
dissatisfied,disloyal Customer,27,Business travel,Eco,1940,4,0,4,3,2,4,2,2,2,5,4,2,1,2,0,0.0
satisfied,Loyal Customer,43,Personal Travel,Eco,2334,5,2,5,4,4,4,4,1,1,5,1,4,1,2,30,0.0
dissatisfied,Loyal Customer,20,Personal Travel,Eco,1156,1,5,1,1,4,1,4,4,3,4,4,5,5,4,0,0.0
satisfied,disloyal Customer,47,Business travel,Eco,1506,5,5,5,3,2,5,2,2,3,2,3,5,4,2,0,0.0
dissatisfied,Loyal Customer,68,Personal Travel,Business,1475,2,4,2,5,4,3,5,2,2,2,2,5,2,4,0,0.0
satisfied,Loyal Customer,49,Business travel,Eco Plus,1780,5,2,2,2,5,5,5,5,4,2,2,3,1,5,0,2.0
satisfied,Loyal Customer,60,Personal Travel,Eco,978,4,2,2,2,4,4,5,4,3,1,5,3,2,4,118,104.0
dissatisfied,disloyal Customer,32,Business travel,Eco Plus,2310,3,3,3,3,2,3,2,2,2,5,2,5,3,2,9,8.0
satisfied,Loyal Customer,33,Personal Travel,Eco Plus,2210,4,4,4,4,4,5,4,4,4,4,4,4,4,3,36,30.0
satisfied,Loyal Customer,48,Business travel,Business,664,2,2,2,2,2,4,4,4,4,4,4,3,4,5,12,129.0
satisfied,Loyal Customer,25,Business travel,Business,3953,4,4,4,4,4,4,4,4,3,3,4,3,5,4,0,0.0
satisfied,Loyal Customer,42,Business travel,Business,3999,3,3,3,3,5,5,5,5,5,5,5,5,5,4,0,0.0
satisfied,Loyal Customer,37,Business travel,Business,2868,1,1,1,1,3,3,5,4,4,4,4,2,4,2,0,0.0
satisfied,Loyal Customer,40,Business travel,Business,3895,5,5,5,5,4,2,4,5,5,5,5,5,5,1,0,0.0
dissatisfied,Loyal Customer,36,Personal Travel,Business,591,1,4,1,3,5,3,4,2,2,1,2,4,2,1,0,0.0
dissatisfied,disloyal Customer,28,Business travel,Eco,1918,1,1,1,4,3,1,3,3,4,3,4,3,4,3,0,0.0
satisfied,disloyal Customer,46,Business travel,Business,1810,4,4,4,4,3,4,2,3,5,4,4,5,5,3,25,7.0
satisfied,Loyal Customer,28,Personal Travel,Eco Plus,1560,0,1,1,3,4,4,4,1,1,1,1,4,1,3,0,0.0
satisfied,Loyal Customer,48,Personal Travel,Eco Plus,872,4,2,2,2,4,4,4,4,4,3,1,5,2,4,5,1.0
satisfied,Loyal Customer,40,Business travel,Business,671,4,4,4,4,5,5,5,4,4,4,4,4,4,5,0,0.0
dissatisfied,Loyal Customer,38,Personal Travel,Eco,2579,3,4,3,2,3,3,3,3,3,4,4,5,4,3,0,0.0
dissatisfied,disloyal Customer,52,Business travel,Eco Plus,1990,3,3,3,3,4,3,4,4,4,5,4,2,2,4,0,8.0
dissatisfied,Loyal Customer,48,Personal Travel,Eco,1156,2,4,2,2,5,2,5,5,4,3,4,3,4,5,0,0.0
dissatisfied,Loyal Customer,13,Personal Travel,Eco Plus,2162,4,2,4,2,4,4,4,4,1,2,2,2,3,4,0,0.0
dissatisfied,Loyal Customer,63,Business travel,Business,1517,4,1,2,1,1,3,3,4,4,4,4,1,4,4,83,96.0
satisfied,Loyal Customer,38,Business travel,Business,1101,1,1,1,1,3,5,4,4,4,4,4,4,4,5,8,0.0
satisfied,Loyal Customer,54,Business travel,Business,771,3,3,5,3,5,5,5,5,5,5,5,3,5,3,100,87.0
satisfied,Loyal Customer,35,Business travel,Eco Plus,1532,4,3,2,3,4,4,4,4,4,2,3,1,1,4,3,0.0
dissatisfied,disloyal Customer,50,Business travel,Eco,1209,2,0,2,4,4,2,4,4,1,3,1,1,5,4,1,0.0
satisfied,Loyal Customer,10,Personal Travel,Eco,1872,4,5,4,3,5,4,5,5,5,3,2,5,3,5,0,0.0
dissatisfied,Loyal Customer,34,Business travel,Business,3752,2,3,3,3,1,4,3,3,3,3,2,4,3,1,58,67.0
satisfied,Loyal Customer,35,Business travel,Eco,2138,4,3,3,3,4,4,4,4,3,1,5,1,4,4,0,10.0
dissatisfied,disloyal Customer,29,Business travel,Business,2159,2,2,2,2,4,2,2,4,4,2,4,3,5,4,29,20.0
satisfied,Loyal Customer,35,Business travel,Eco,1731,5,4,2,4,5,5,5,5,3,4,4,1,2,5,0,0.0
satisfied,Loyal Customer,36,Business travel,Business,1623,5,5,2,5,4,2,3,5,5,5,5,5,5,4,3,4.0
dissatisfied,disloyal Customer,25,Business travel,Business,2166,3,4,3,3,4,3,4,4,5,5,4,4,5,4,46,34.0
dissatisfied,Loyal Customer,72,Business travel,Eco Plus,996,3,5,5,5,1,4,4,3,3,3,3,4,3,1,0,0.0
satisfied,Loyal Customer,60,Business travel,Business,2353,1,1,1,1,4,4,4,4,4,4,4,4,4,5,1,0.0
dissatisfied,disloyal Customer,24,Business travel,Eco,1338,3,2,3,3,5,3,5,5,2,5,3,3,4,5,0,2.0
satisfied,Loyal Customer,27,Business travel,Business,3627,2,2,2,2,5,5,5,5,1,5,2,2,5,5,0,0.0
satisfied,Loyal Customer,51,Business travel,Business,1076,1,1,1,1,2,5,4,5,5,5,5,5,5,3,0,0.0
dissatisfied,Loyal Customer,28,Business travel,Business,3919,3,1,1,1,3,3,3,3,4,2,3,2,4,3,2,0.0
dissatisfied,Loyal Customer,57,Personal Travel,Business,1481,1,5,1,3,5,5,5,5,5,1,5,5,5,5,0,0.0
dissatisfied,disloyal Customer,38,Business travel,Eco,1815,3,4,3,3,2,3,3,2,1,1,3,4,3,2,3,0.0
dissatisfied,Loyal Customer,20,Personal Travel,Eco,1439,2,1,2,2,2,2,1,2,4,2,2,1,2,2,14,19.0
dissatisfied,disloyal Customer,32,Business travel,Eco,2433,2,2,2,3,4,2,4,4,4,1,4,1,4,4,38,50.0
satisfied,Loyal Customer,35,Business travel,Business,1820,5,5,5,5,3,4,5,4,4,4,4,5,4,5,0,0.0
satisfied,Loyal Customer,35,Business travel,Business,3313,2,2,2,2,3,4,4,5,5,5,5,4,5,3,44,30.0
satisfied,Loyal Customer,11,Personal Travel,Eco,1657,3,3,3,3,3,4,4,4,4,4,4,4,4,3,0,0.0
dissatisfied,disloyal Customer,48,Business travel,Eco,2368,1,1,1,3,2,1,5,2,4,1,2,2,3,2,8,10.0
satisfied,Loyal Customer,24,Personal Travel,Eco,2132,5,1,1,1,1,3,4,5,5,5,5,1,5,5,0,0.0
dissatisfied,disloyal Customer,27,Business travel,Eco Plus,1814,3,3,3,3,1,3,1,1,2,1,3,4,3,1,0,0.0
dissatisfied,Loyal Customer,48,Business travel,Eco,1916,1,1,1,1,3,2,3,1,1,1,1,3,1,3,0,0.0
satisfied,Loyal Customer,35,Business travel,Business,1156,4,4,4,4,5,4,5,5,5,5,5,3,5,5,51,36.0
satisfied,Loyal Customer,60,Business travel,Business,234,5,5,5,5,3,5,4,5,5,4,4,5,5,4,0,0.0
satisfied,Loyal Customer,57,Business travel,Business,400,2,5,2,2,3,5,4,4,4,4,4,3,4,5,0,0.0
dissatisfied,Loyal Customer,23,Business travel,Business,3018,3,3,1,1,3,3,3,3,1,5,2,4,3,3,4,0.0
dissatisfied,Loyal Customer,15,Personal Travel,Eco,2495,3,5,3,2,1,3,1,1,4,2,5,4,5,1,0,0.0
dissatisfied,disloyal Customer,36,Business travel,Eco,1714,1,0,1,3,3,1,1,3,5,1,1,4,3,3,0,7.0
satisfied,Loyal Customer,64,Personal Travel,Eco,552,2,2,2,2,5,5,5,5,5,5,5,4,5,5,0,0.0
dissatisfied,Loyal Customer,22,Personal Travel,Eco,2467,1,1,1,3,5,1,5,5,4,2,2,4,3,5,0,0.0
dissatisfied,Loyal Customer,45,Business travel,Eco,2257,2,2,2,2,2,2,2,2,1,4,3,3,4,2,0,0.0
satisfied,Loyal Customer,55,Business travel,Business,467,4,4,4,4,4,5,5,4,4,4,4,4,4,5,0,2.0
dissatisfied,Loyal Customer,39,Business travel,Business,3882,1,4,4,4,3,3,4,1,1,1,1,1,1,3,0,0.0
dissatisfied,disloyal Customer,37,Business travel,Eco,1085,4,2,4,3,5,4,2,5,2,5,3,1,3,5,0,3.0
dissatisfied,Loyal Customer,33,Business travel,Business,1537,1,4,4,4,1,1,1,1,4,2,4,2,4,1,0,0.0
dissatisfied,Loyal Customer,59,Personal Travel,Eco,1508,3,3,3,3,4,3,4,4,5,4,1,1,5,4,13,0.0
dissatisfied,Loyal Customer,47,Business travel,Eco,2433,3,2,2,2,3,3,3,3,1,4,3,1,3,3,0,0.0
satisfied,Loyal Customer,58,Business travel,Business,2146,5,5,5,5,2,5,5,4,4,4,4,3,4,3,20,26.0
satisfied,Loyal Customer,47,Business travel,Business,2831,0,5,1,1,2,3,4,4,4,5,5,5,4,5,0,3.0
dissatisfied,disloyal Customer,27,Business travel,Business,2451,2,2,2,1,1,2,1,1,5,5,4,4,5,1,0,0.0
dissatisfied,Loyal Customer,64,Business travel,Business,1805,2,4,3,4,5,3,3,2,2,3,2,4,2,4,0,0.0
dissatisfied,Loyal Customer,68,Personal Travel,Eco,2336,2,2,2,4,2,2,1,2,4,4,3,2,4,2,0,0.0
dissatisfied,Loyal Customer,43,Personal Travel,Eco,586,4,2,3,4,5,3,3,1,1,3,1,1,1,3,0,0.0
satisfied,Loyal Customer,52,Business travel,Business,466,2,2,2,2,3,5,4,5,5,5,5,5,5,5,16,7.0
satisfied,Loyal Customer,9,Personal Travel,Eco,1249,1,1,1,1,3,4,5,3,3,3,3,5,3,4,14,5.0
satisfied,Loyal Customer,48,Business travel,Business,1233,2,2,2,2,5,4,5,4,4,4,4,3,4,3,18,6.0
satisfied,Loyal Customer,68,Personal Travel,Eco Plus,414,2,2,1,2,5,5,5,5,4,3,4,5,5,5,0,22.0
dissatisfied,Loyal Customer,58,Personal Travel,Eco,2102,2,4,2,1,5,2,5,5,5,5,2,4,2,5,0,0.0
satisfied,Loyal Customer,21,Personal Travel,Eco,1558,5,5,5,5,5,4,3,5,5,3,4,2,5,5,4,0.0
satisfied,Loyal Customer,49,Business travel,Business,3512,3,3,3,3,4,5,4,3,3,4,3,3,3,5,0,1.0
satisfied,Loyal Customer,56,Business travel,Business,3311,1,1,1,1,2,4,5,5,5,5,5,3,5,3,4,0.0
dissatisfied,disloyal Customer,48,Business travel,Business,2754,3,3,3,1,2,3,1,2,5,3,5,3,5,2,0,0.0
satisfied,Loyal Customer,47,Business travel,Eco Plus,1103,3,2,2,2,5,4,2,3,3,3,3,3,3,4,42,27.0
satisfied,Loyal Customer,56,Business travel,Business,1015,4,4,4,4,3,3,3,5,5,5,5,1,5,4,80,67.0
satisfied,Loyal Customer,57,Business travel,Business,2716,2,2,2,2,4,5,5,4,4,4,4,4,4,3,0,0.0
dissatisfied,disloyal Customer,26,Business travel,Business,1777,3,3,3,2,5,3,5,5,4,4,5,4,4,5,0,0.0
satisfied,disloyal Customer,16,Business travel,Eco,1720,0,0,0,1,1,0,1,1,4,3,4,3,4,1,0,0.0
dissatisfied,Loyal Customer,60,Personal Travel,Eco,2313,3,4,3,3,3,1,1,1,5,4,1,1,2,1,209,256.0
satisfied,Loyal Customer,55,Business travel,Business,2852,0,0,0,4,1,1,1,5,5,5,5,3,5,2,0,0.0
dissatisfied,disloyal Customer,30,Business travel,Eco,2212,3,2,2,4,5,2,5,5,2,4,3,2,4,5,0,0.0
dissatisfied,Loyal Customer,46,Personal Travel,Eco,2996,3,1,3,4,2,3,2,2,4,4,2,2,4,2,0,1.0
satisfied,Loyal Customer,27,Business travel,Eco Plus,825,4,3,3,3,4,4,4,4,3,1,3,5,4,4,0,6.0
satisfied,Loyal Customer,14,Personal Travel,Eco Plus,2091,0,0,0,2,5,0,5,5,4,1,4,2,3,5,2,22.0
dissatisfied,Loyal Customer,14,Personal Travel,Eco,1400,4,4,4,4,5,4,5,5,5,5,5,4,4,5,0,0.0
dissatisfied,Loyal Customer,53,Business travel,Eco,600,2,2,2,2,4,4,3,2,2,2,2,1,2,2,0,0.0
satisfied,Loyal Customer,41,Business travel,Business,2270,3,3,3,3,5,5,5,4,4,4,4,5,4,4,13,21.0
satisfied,Loyal Customer,16,Business travel,Eco,2265,4,5,5,5,4,4,5,4,3,2,1,1,1,4,38,31.0
satisfied,Loyal Customer,27,Personal Travel,Eco,2256,3,3,3,3,3,3,3,3,3,2,5,4,5,3,0,0.0
dissatisfied,disloyal Customer,20,Business travel,Business,1226,2,4,2,3,5,2,5,5,2,1,4,3,3,5,0,0.0
satisfied,Loyal Customer,46,Business travel,Business,1712,4,4,4,4,3,5,5,4,4,4,4,3,4,3,0,13.0
dissatisfied,Loyal Customer,19,Personal Travel,Eco,1876,2,1,2,3,3,2,3,3,1,4,3,3,3,3,0,0.0
satisfied,Loyal Customer,13,Personal Travel,Eco,2369,1,1,1,1,2,4,4,4,4,4,4,4,4,3,7,5.0
dissatisfied,Loyal Customer,64,Personal Travel,Eco,267,4,1,4,4,2,3,3,5,5,4,2,4,5,2,0,0.0
satisfied,Loyal Customer,57,Personal Travel,Eco,2140,1,1,1,1,3,4,4,4,4,4,4,3,4,5,6,0.0
satisfied,Loyal Customer,43,Personal Travel,Business,1149,5,5,5,1,4,5,4,1,1,5,1,5,1,5,0,1.0
dissatisfied,Loyal Customer,16,Personal Travel,Eco,1863,1,2,1,4,1,1,1,1,2,2,4,3,4,1,0,0.0
satisfied,Loyal Customer,25,Business travel,Business,2037,5,5,5,5,4,4,4,4,3,5,4,5,4,4,6,21.0
dissatisfied,Loyal Customer,31,Business travel,Eco,1789,4,3,3,3,4,4,4,4,2,2,4,3,3,4,74,101.0
satisfied,Loyal Customer,47,Business travel,Business,3455,0,0,0,2,4,5,5,3,3,4,4,5,3,4,0,0.0
satisfied,Loyal Customer,27,Business travel,Business,3280,2,2,2,2,4,4,4,4,4,3,4,3,5,4,15,28.0
satisfied,Loyal Customer,48,Business travel,Business,3104,4,4,4,4,1,5,2,4,4,4,4,1,4,3,0,0.0
satisfied,Loyal Customer,43,Personal Travel,Eco,852,1,1,1,1,4,4,4,4,3,3,5,4,5,4,0,0.0
dissatisfied,Loyal Customer,39,Personal Travel,Eco,1235,4,5,4,3,2,4,5,2,4,4,4,5,2,2,0,0.0
dissatisfied,Loyal Customer,56,Personal Travel,Eco Plus,1893,1,4,1,1,5,1,5,5,4,4,4,4,4,5,0,0.0
dissatisfied,Loyal Customer,40,Personal Travel,Eco,2350,4,4,3,4,3,3,3,3,5,5,4,5,4,3,0,0.0
dissatisfied,Loyal Customer,51,Business travel,Eco,237,2,5,5,5,1,1,2,2,2,2,2,1,2,1,6,31.0
satisfied,Loyal Customer,14,Personal Travel,Eco,1835,4,1,4,3,3,4,3,3,3,5,4,3,3,3,0,0.0
dissatisfied,disloyal Customer,17,Business travel,Eco,3316,3,3,3,4,3,1,1,2,2,4,4,1,2,1,188,175.0
satisfied,Loyal Customer,59,Business travel,Business,2260,0,5,0,4,5,5,5,3,3,3,3,1,3,3,0,0.0
satisfied,Loyal Customer,52,Business travel,Eco,2871,3,4,4,4,3,3,3,5,3,4,3,3,2,3,95,158.0
dissatisfied,Loyal Customer,26,Personal Travel,Eco,1811,4,4,4,4,4,4,4,4,4,2,4,3,4,4,0,18.0
satisfied,Loyal Customer,65,Personal Travel,Eco,1505,5,5,5,5,4,5,4,3,3,3,3,3,3,5,14,3.0
dissatisfied,Loyal Customer,46,Personal Travel,Eco,2189,3,0,2,1,5,2,3,5,3,5,5,4,4,5,0,0.0
satisfied,Loyal Customer,51,Business travel,Business,2998,5,5,5,5,3,5,4,4,4,4,5,3,4,3,109,104.0
dissatisfied,Loyal Customer,47,Personal Travel,Eco,2688,1,5,1,1,1,4,5,4,3,4,5,5,4,5,141,123.0
dissatisfied,disloyal Customer,22,Business travel,Eco,1633,2,4,2,1,5,2,5,5,3,4,5,3,5,5,0,0.0
satisfied,Loyal Customer,15,Personal Travel,Eco,2113,3,3,3,3,5,4,5,5,5,5,5,3,5,4,0,0.0
dissatisfied,Loyal Customer,34,Business travel,Business,1032,3,5,5,5,1,2,2,3,3,2,3,4,3,1,9,3.0
satisfied,Loyal Customer,33,Business travel,Eco,1489,0,1,1,4,4,1,4,4,4,2,1,2,2,4,0,13.0
satisfied,Loyal Customer,43,Business travel,Business,1223,3,3,3,3,4,4,5,3,3,3,3,5,3,5,0,0.0
dissatisfied,Loyal Customer,25,Business travel,Eco Plus,2183,1,3,4,4,1,1,2,1,1,3,4,4,3,1,1,7.0
satisfied,Loyal Customer,42,Business travel,Business,1760,4,4,4,4,4,5,4,5,5,5,5,3,5,5,1,0.0
satisfied,Loyal Customer,55,Business travel,Business,2823,4,4,4,4,2,4,4,5,5,5,5,5,5,3,9,0.0
satisfied,Loyal Customer,60,Business travel,Business,222,2,2,2,2,4,4,5,5,5,5,4,4,5,4,70,77.0
satisfied,Loyal Customer,51,Business travel,Business,369,1,1,1,1,5,5,3,4,4,4,4,1,4,1,16,13.0
dissatisfied,Loyal Customer,41,Business travel,Eco Plus,905,1,2,2,2,1,1,1,1,3,1,4,3,3,1,1,0.0
satisfied,Loyal Customer,46,Business travel,Business,2049,5,5,3,5,2,5,5,5,5,5,5,3,5,4,40,26.0
satisfied,Loyal Customer,68,Personal Travel,Eco,596,2,2,2,2,3,5,5,4,4,4,4,3,4,4,0,0.0
dissatisfied,disloyal Customer,34,Business travel,Business,3725,1,1,1,3,3,1,3,3,3,2,4,4,5,3,18,0.0
dissatisfied,disloyal Customer,20,Business travel,Eco,2555,4,4,4,5,5,4,3,5,4,2,2,2,3,5,0,0.0
satisfied,Loyal Customer,55,Business travel,Business,2718,3,3,3,3,4,5,5,4,4,5,4,4,4,4,6,1.0
dissatisfied,Loyal Customer,43,Personal Travel,Eco Plus,1052,3,4,3,4,3,3,3,3,1,4,4,5,4,3,0,0.0
dissatisfied,disloyal Customer,39,Business travel,Eco,1089,2,4,2,2,2,2,2,2,1,3,3,1,5,2,9,0.0
dissatisfied,Loyal Customer,43,Business travel,Eco,1616,2,2,3,2,2,2,2,2,3,4,2,1,3,2,0,10.0
dissatisfied,Loyal Customer,56,Personal Travel,Eco,437,3,5,5,5,4,5,4,4,4,5,4,5,4,5,36,38.0
satisfied,Loyal Customer,23,Business travel,Business,2865,5,1,5,5,5,5,5,5,5,2,5,3,5,5,3,0.0
dissatisfied,Loyal Customer,34,Personal Travel,Business,551,2,4,2,1,5,4,4,1,1,2,1,4,1,4,0,0.0
dissatisfied,Loyal Customer,9,Personal Travel,Eco Plus,2609,4,4,4,3,5,4,5,5,3,2,5,5,4,5,0,1.0
satisfied,Loyal Customer,13,Business travel,Business,2934,4,4,3,4,4,4,4,4,3,3,3,5,5,4,16,13.0
dissatisfied,Loyal Customer,56,Business travel,Eco,2259,3,2,2,2,5,3,3,3,3,3,3,4,3,1,8,0.0
satisfied,Loyal Customer,54,Business travel,Business,2503,2,2,2,2,4,4,5,4,4,4,4,5,4,3,0,0.0
satisfied,Loyal Customer,16,Personal Travel,Eco Plus,2957,4,4,4,4,2,3,3,4,4,4,4,3,4,1,0,3.0
satisfied,Loyal Customer,32,Personal Travel,Eco,2471,5,4,5,3,2,4,5,2,2,5,2,5,2,5,0,0.0
dissatisfied,Loyal Customer,18,Personal Travel,Eco,1705,4,3,4,4,1,4,2,1,2,2,2,4,1,1,0,0.0
satisfied,Loyal Customer,32,Business travel,Business,1889,3,5,3,3,4,4,4,4,5,2,4,4,5,4,0,0.0
dissatisfied,disloyal Customer,29,Business travel,Business,2659,1,2,2,2,4,2,2,4,5,2,4,3,4,4,41,38.0
satisfied,Loyal Customer,45,Business travel,Business,367,2,2,2,2,2,5,4,4,4,4,4,5,4,3,66,58.0
satisfied,Loyal Customer,26,Business travel,Business,2108,4,4,4,4,4,4,4,4,5,3,5,5,4,4,0,0.0
dissatisfied,Loyal Customer,10,Personal Travel,Eco,2525,1,4,2,3,2,2,2,2,1,2,3,4,3,2,7,0.0
dissatisfied,disloyal Customer,27,Business travel,Business,2320,4,4,4,1,5,4,1,5,3,2,4,3,5,5,0,0.0
dissatisfied,Loyal Customer,25,Business travel,Business,2439,4,1,4,4,4,4,4,4,3,2,3,1,4,4,6,9.0
satisfied,Loyal Customer,39,Business travel,Business,3425,3,3,3,3,3,5,4,5,5,5,5,4,5,5,0,0.0
dissatisfied,Loyal Customer,42,Personal Travel,Eco,236,4,4,4,4,2,4,3,3,3,4,3,2,3,2,77,82.0
satisfied,Loyal Customer,68,Business travel,Business,3202,1,1,5,1,3,4,4,3,3,4,3,4,3,5,7,2.0
dissatisfied,disloyal Customer,69,Business travel,Eco,2313,1,1,1,3,2,1,2,2,1,3,4,4,4,2,4,5.0
satisfied,Loyal Customer,54,Personal Travel,Eco,957,0,5,0,4,2,0,2,2,5,4,4,5,4,2,0,0.0
satisfied,Loyal Customer,41,Business travel,Business,926,4,4,4,4,3,5,5,5,5,5,5,5,5,4,0,0.0
dissatisfied,Loyal Customer,54,Business travel,Business,844,2,3,3,3,2,4,3,2,2,3,2,4,2,2,0,3.0
dissatisfied,Loyal Customer,14,Personal Travel,Eco,2163,4,4,4,3,1,4,1,1,3,5,4,5,4,1,54,45.0
satisfied,Loyal Customer,44,Personal Travel,Eco,123,4,2,4,3,1,4,1,1,2,2,3,3,4,1,20,23.0
satisfied,Loyal Customer,54,Business travel,Eco,779,4,4,4,4,1,4,2,4,4,4,4,4,4,4,29,38.0
dissatisfied,Loyal Customer,29,Business travel,Business,3826,3,5,3,3,3,3,3,3,4,2,3,3,3,3,0,0.0
dissatisfied,disloyal Customer,30,Business travel,Business,3682,2,2,2,4,2,4,4,3,5,5,4,4,4,4,0,0.0
satisfied,Loyal Customer,46,Business travel,Business,1897,2,2,2,2,5,5,5,4,4,4,4,4,4,4,7,0.0
dissatisfied,Loyal Customer,37,Business travel,Eco,4444,3,3,3,3,3,3,3,3,3,4,1,1,3,3,52,52.0
satisfied,Loyal Customer,52,Business travel,Business,2053,1,1,2,1,5,4,5,4,4,4,4,3,4,4,0,0.0
satisfied,Loyal Customer,58,Business travel,Business,335,3,3,4,3,2,5,4,5,5,5,5,5,5,3,0,0.0
dissatisfied,Loyal Customer,48,Business travel,Business,331,2,3,3,3,4,4,3,2,2,2,2,1,2,3,0,0.0
dissatisfied,Loyal Customer,15,Personal Travel,Eco,2619,1,4,1,2,3,1,3,3,4,3,4,3,5,3,0,0.0
satisfied,Loyal Customer,37,Business travel,Business,2511,3,3,3,3,3,3,5,5,5,5,5,3,5,5,9,0.0
satisfied,Loyal Customer,26,Business travel,Business,1683,4,4,4,4,5,5,5,5,4,4,1,1,2,5,8,29.0
dissatisfied,disloyal Customer,17,Business travel,Eco,3650,3,3,3,3,3,3,3,3,4,1,3,2,3,3,0,0.0
dissatisfied,Loyal Customer,34,Business travel,Eco,1491,2,2,2,2,2,2,2,2,1,1,3,1,4,2,0,0.0
dissatisfied,Loyal Customer,35,Personal Travel,Eco,3675,3,4,3,4,4,3,4,4,1,1,2,4,3,4,3,4.0
dissatisfied,Loyal Customer,37,Business travel,Eco Plus,1623,2,5,5,5,2,2,2,2,2,4,3,1,2,2,0,21.0
satisfied,Loyal Customer,42,Business travel,Business,1578,1,1,1,1,2,4,5,5,5,5,5,5,5,3,6,1.0
dissatisfied,Loyal Customer,54,Business travel,Business,1078,3,2,2,2,3,4,4,3,3,3,3,2,3,2,0,16.0
dissatisfied,Loyal Customer,46,Business travel,Eco,2060,3,2,2,2,3,3,3,3,2,1,1,1,1,3,10,0.0
dissatisfied,Loyal Customer,38,Business travel,Eco,1829,1,3,3,3,1,1,1,1,4,1,4,2,4,1,0,0.0
satisfied,Loyal Customer,26,Personal Travel,Eco Plus,1888,5,5,5,5,2,1,5,4,4,4,4,2,4,5,32,14.0
satisfied,disloyal Customer,20,Business travel,Business,1483,5,2,5,3,3,5,3,3,4,2,4,3,5,3,0,0.0
dissatisfied,Loyal Customer,31,Business travel,Eco,1843,3,1,1,1,3,2,3,3,1,2,2,3,3,3,0,4.0
dissatisfied,Loyal Customer,51,Business travel,Eco,703,3,2,2,2,4,4,3,3,3,3,3,3,3,3,10,19.0
satisfied,Loyal Customer,56,Business travel,Business,2157,3,3,5,3,2,4,5,5,5,5,5,3,5,4,21,55.0
satisfied,Loyal Customer,29,Personal Travel,Eco,3514,4,4,4,4,3,4,5,5,5,5,5,3,5,3,3,0.0
dissatisfied,Loyal Customer,58,Business travel,Eco,2085,3,1,1,1,3,3,3,3,3,1,3,3,3,3,124,125.0
dissatisfied,Loyal Customer,39,Business travel,Business,2846,3,4,2,2,1,3,3,3,3,3,3,3,3,1,0,5.0
dissatisfied,Loyal Customer,20,Personal Travel,Eco,3081,1,2,1,4,1,1,1,1,4,1,3,1,4,1,0,0.0
dissatisfied,Loyal Customer,57,Personal Travel,Eco,1931,1,4,1,2,3,1,3,3,3,2,4,5,2,3,0,0.0
dissatisfied,disloyal Customer,40,Business travel,Business,1080,2,2,2,2,1,2,1,1,5,2,4,5,4,1,5,0.0
satisfied,Loyal Customer,60,Business travel,Business,220,5,5,5,5,4,5,4,4,4,4,5,5,4,4,26,9.0
satisfied,Loyal Customer,53,Business travel,Business,2839,5,5,5,5,3,4,5,4,4,4,4,3,4,4,0,0.0
dissatisfied,disloyal Customer,43,Business travel,Business,3197,3,3,3,4,2,3,2,2,3,4,4,5,5,2,36,27.0
satisfied,Loyal Customer,57,Business travel,Business,2665,1,1,1,1,4,5,4,4,4,4,4,3,4,4,0,0.0
satisfied,Loyal Customer,32,Personal Travel,Eco,1786,0,4,0,4,2,4,5,3,3,0,3,5,3,5,0,15.0
satisfied,Loyal Customer,41,Business travel,Business,3224,4,4,4,4,5,5,4,2,2,2,2,5,2,4,0,0.0
satisfied,Loyal Customer,45,Personal Travel,Eco,1714,4,3,3,3,1,3,1,1,3,2,4,2,3,1,0,0.0
dissatisfied,Loyal Customer,46,Personal Travel,Eco,2241,1,4,1,4,3,1,4,3,4,5,5,4,4,3,14,55.0
satisfied,Loyal Customer,35,Business travel,Business,249,3,3,3,3,4,4,5,5,5,5,5,3,5,1,48,41.0
satisfied,Loyal Customer,51,Business travel,Business,2287,5,5,5,5,4,5,5,3,3,4,3,3,3,5,41,32.0
dissatisfied,Loyal Customer,10,Personal Travel,Eco Plus,2554,3,4,2,4,1,2,1,1,3,1,3,3,3,1,0,0.0
satisfied,Loyal Customer,32,Business travel,Business,2167,3,3,3,3,4,4,4,4,2,1,1,2,5,4,0,0.0
dissatisfied,Loyal Customer,33,Personal Travel,Eco Plus,1611,3,4,3,2,2,3,2,2,5,5,5,3,4,2,5,5.0
satisfied,Loyal Customer,57,Business travel,Business,2600,2,2,2,2,3,5,5,3,3,3,3,3,3,3,0,0.0
dissatisfied,Loyal Customer,36,Business travel,Eco,1648,3,5,4,5,3,3,3,3,3,4,3,4,3,3,0,0.0
dissatisfied,Loyal Customer,68,Business travel,Business,478,3,2,2,2,5,2,2,3,3,3,3,1,3,3,0,0.0
satisfied,Loyal Customer,65,Personal Travel,Eco,2353,2,2,2,2,3,3,3,5,3,5,5,3,5,3,5,9.0
satisfied,Loyal Customer,17,Business travel,Business,2262,2,2,2,2,4,5,4,4,4,4,4,3,4,4,10,0.0
dissatisfied,Loyal Customer,56,Personal Travel,Eco Plus,2786,4,5,4,3,1,4,1,1,4,4,5,3,1,1,0,0.0
dissatisfied,Loyal Customer,41,Business travel,Business,2378,3,3,4,3,5,4,3,3,3,3,3,1,3,3,0,0.0
satisfied,Loyal Customer,33,Business travel,Eco,1862,5,1,4,1,5,5,5,5,2,5,1,2,3,5,0,12.0
dissatisfied,Loyal Customer,42,Personal Travel,Eco,1544,2,5,2,3,3,2,4,3,1,3,2,2,2,3,47,56.0
satisfied,Loyal Customer,39,Business travel,Business,617,1,1,1,1,2,5,5,5,5,5,5,5,5,4,0,0.0
satisfied,Loyal Customer,27,Business travel,Business,4008,4,4,4,4,4,5,4,4,5,1,2,3,3,4,0,0.0
satisfied,Loyal Customer,51,Business travel,Business,317,1,1,1,1,5,4,4,3,3,4,3,4,3,2,0,0.0
dissatisfied,Loyal Customer,64,Personal Travel,Eco,2329,2,1,2,3,3,2,3,3,3,3,3,3,3,3,0,0.0
satisfied,Loyal Customer,57,Business travel,Business,1156,2,2,2,2,3,5,5,4,4,4,4,5,4,3,58,54.0
dissatisfied,Loyal Customer,72,Business travel,Business,3580,2,3,3,3,2,2,2,2,2,2,2,1,2,2,27,10.0
dissatisfied,disloyal Customer,44,Business travel,Business,1952,1,1,1,4,1,1,1,1,1,2,3,1,3,1,0,17.0
dissatisfied,Loyal Customer,59,Business travel,Business,1561,3,5,5,5,5,4,4,3,3,3,3,1,3,1,0,0.0
satisfied,Loyal Customer,48,Business travel,Business,2552,3,3,2,3,4,5,5,4,4,4,4,4,4,5,0,0.0
dissatisfied,Loyal Customer,36,Personal Travel,Eco,1870,4,4,5,2,4,5,4,4,5,5,4,4,5,4,0,0.0
dissatisfied,Loyal Customer,63,Business travel,Eco,2136,3,4,4,4,3,3,3,3,3,3,4,1,4,3,0,0.0
dissatisfied,disloyal Customer,41,Business travel,Business,1910,1,1,1,4,1,1,1,1,3,4,5,3,4,1,31,23.0
satisfied,disloyal Customer,24,Business travel,Eco,1728,5,0,5,2,2,5,2,2,5,5,4,5,4,2,3,0.0
dissatisfied,disloyal Customer,17,Business travel,Eco,1819,3,2,3,3,5,3,5,5,3,3,2,1,2,5,0,0.0
dissatisfied,Loyal Customer,20,Business travel,Business,2914,2,5,5,5,2,2,2,2,2,1,3,4,4,2,2,23.0
satisfied,Loyal Customer,31,Personal Travel,Eco,1765,3,3,3,3,3,5,4,5,5,5,5,4,5,4,0,0.0
satisfied,Loyal Customer,57,Business travel,Business,584,2,2,2,2,3,5,2,4,4,5,4,5,4,3,0,0.0
dissatisfied,Loyal Customer,47,Personal Travel,Eco,2526,4,3,5,3,4,5,4,4,2,4,4,1,3,4,0,0.0
dissatisfied,Loyal Customer,30,Business travel,Business,3800,2,3,3,3,2,2,2,2,3,3,4,3,3,2,2,10.0
satisfied,Loyal Customer,53,Business travel,Business,1705,3,3,4,3,3,4,5,2,2,2,2,4,2,5,0,0.0
satisfied,Loyal Customer,10,Personal Travel,Eco Plus,1255,4,4,0,4,1,0,2,1,2,1,4,3,4,1,0,0.0
satisfied,Loyal Customer,50,Business travel,Business,239,4,4,4,4,2,5,5,4,4,4,4,3,4,3,0,0.0
satisfied,Loyal Customer,41,Business travel,Business,1783,2,2,2,2,2,4,4,4,4,4,4,5,4,3,5,0.0
satisfied,Loyal Customer,52,Personal Travel,Eco,2600,5,3,5,3,3,5,3,3,4,2,3,1,5,3,0,0.0
dissatisfied,Loyal Customer,46,Personal Travel,Eco,1810,1,4,1,5,2,1,2,2,4,4,5,5,4,2,15,18.0
satisfied,Loyal Customer,52,Business travel,Business,2486,2,2,2,2,5,5,4,2,2,2,2,4,2,4,0,0.0
satisfied,Loyal Customer,41,Business travel,Business,811,5,5,5,5,3,4,4,4,4,4,4,5,4,4,0,0.0
satisfied,Loyal Customer,70,Personal Travel,Eco,2029,4,4,4,3,5,4,5,5,4,4,4,5,4,5,0,0.0
satisfied,disloyal Customer,25,Business travel,Business,1838,5,5,5,1,2,5,4,2,3,4,4,5,5,2,27,14.0
satisfied,disloyal Customer,22,Business travel,Eco,1047,5,0,5,3,5,5,5,5,3,3,3,2,2,5,0,0.0
satisfied,disloyal Customer,26,Business travel,Eco,1429,0,1,0,4,5,0,4,5,2,4,1,1,1,5,0,0.0
dissatisfied,disloyal Customer,25,Business travel,Eco,2062,3,4,3,3,1,3,1,1,1,5,3,4,3,1,86,127.0
dissatisfied,Loyal Customer,61,Business travel,Business,1974,2,2,2,2,3,3,3,2,2,2,2,4,2,3,0,0.0
satisfied,Loyal Customer,59,Business travel,Business,2280,4,4,4,4,4,5,3,5,5,5,3,2,5,4,0,0.0
satisfied,Loyal Customer,30,Business travel,Business,2733,4,4,4,4,4,4,4,4,5,4,4,5,5,4,0,0.0
satisfied,Loyal Customer,19,Personal Travel,Eco,2493,0,3,0,3,4,0,4,4,4,1,2,1,3,4,3,3.0
satisfied,Loyal Customer,55,Business travel,Business,3126,4,4,4,4,1,3,1,5,5,5,5,3,5,4,0,0.0
dissatisfied,Loyal Customer,39,Business travel,Business,2232,3,4,4,4,1,2,1,3,3,3,3,4,3,4,79,74.0
dissatisfied,disloyal Customer,23,Business travel,Eco,3882,3,3,3,3,2,3,2,2,2,2,2,2,3,2,6,1.0
dissatisfied,Loyal Customer,11,Personal Travel,Eco,3117,4,4,4,4,5,4,5,5,1,1,2,2,4,5,0,0.0
satisfied,Loyal Customer,38,Personal Travel,Eco,2036,0,4,0,3,2,0,2,2,4,2,5,5,5,2,70,54.0
dissatisfied,Loyal Customer,40,Personal Travel,Eco Plus,3481,3,4,3,1,3,1,1,3,3,3,1,1,2,1,0,0.0
satisfied,Loyal Customer,53,Business travel,Business,1263,1,1,1,1,4,4,5,4,4,4,4,3,4,5,0,0.0
dissatisfied,Loyal Customer,11,Personal Travel,Eco,2114,1,4,4,3,1,4,1,1,3,3,1,2,1,1,6,0.0
satisfied,Loyal Customer,43,Business travel,Business,1663,3,3,3,3,2,4,5,4,4,4,4,5,4,4,31,32.0
satisfied,Loyal Customer,31,Personal Travel,Eco,2502,4,5,5,3,5,5,5,5,3,2,4,3,5,5,0,3.0
dissatisfied,Loyal Customer,34,Business travel,Business,1090,1,5,5,5,1,2,2,1,1,1,1,3,1,4,0,19.0
satisfied,Loyal Customer,13,Personal Travel,Eco,2726,5,5,5,2,3,5,3,3,5,5,3,3,2,3,3,0.0
satisfied,Loyal Customer,52,Business travel,Business,2424,3,3,3,3,5,1,5,4,4,4,4,1,4,1,0,0.0
satisfied,Loyal Customer,11,Personal Travel,Eco,2358,5,4,4,4,2,2,2,5,5,5,5,2,5,4,10,13.0
dissatisfied,Loyal Customer,39,Business travel,Eco Plus,2268,3,2,2,2,3,3,3,3,4,5,2,4,1,3,4,15.0
satisfied,Loyal Customer,44,Business travel,Business,3001,1,1,1,1,5,4,4,4,4,4,4,3,4,3,0,0.0
dissatisfied,disloyal Customer,54,Business travel,Business,1308,3,3,3,1,2,3,2,2,4,5,4,5,4,2,84,73.0
satisfied,Loyal Customer,27,Business travel,Business,3491,3,3,3,3,3,3,3,3,1,1,3,5,5,3,4,14.0
dissatisfied,Loyal Customer,12,Personal Travel,Eco,1845,2,4,2,2,2,2,2,2,3,4,4,5,4,2,0,0.0
satisfied,Loyal Customer,43,Business travel,Business,1793,2,2,2,2,5,4,5,5,5,5,5,5,5,4,0,0.0
satisfied,Loyal Customer,53,Business travel,Business,2567,5,5,5,5,2,5,4,3,3,4,3,3,3,5,0,0.0
dissatisfied,disloyal Customer,25,Business travel,Eco,2630,2,1,1,4,2,1,2,2,1,4,3,2,5,2,0,0.0
satisfied,Loyal Customer,44,Business travel,Business,3458,2,1,2,2,4,4,5,5,5,5,5,5,5,3,0,1.0
satisfied,Loyal Customer,38,Business travel,Business,305,3,3,2,3,1,3,1,4,4,4,4,5,4,2,2,0.0
satisfied,Loyal Customer,18,Personal Travel,Eco,3529,0,0,0,1,1,3,2,1,1,1,1,4,1,1,0,0.0
satisfied,Loyal Customer,62,Personal Travel,Eco,1264,4,4,3,4,5,4,5,4,4,4,4,4,4,5,0,0.0
dissatisfied,disloyal Customer,24,Business travel,Eco,2020,2,2,2,2,4,2,4,4,2,1,3,2,2,4,3,4.0
satisfied,Loyal Customer,8,Personal Travel,Eco,1003,5,0,5,4,5,5,5,5,3,2,4,2,4,5,0,0.0
satisfied,Loyal Customer,48,Business travel,Business,3850,1,1,1,1,5,5,4,4,4,4,4,3,4,5,0,3.0
satisfied,Loyal Customer,52,Business travel,Business,2279,3,3,3,3,3,1,1,5,5,5,5,1,5,3,0,0.0
satisfied,Loyal Customer,39,Business travel,Business,491,3,4,3,3,3,4,4,5,5,5,5,3,5,5,1,0.0
satisfied,Loyal Customer,30,Business travel,Business,2991,3,3,3,3,5,5,5,5,4,4,5,4,4,5,0,0.0
dissatisfied,Loyal Customer,77,Business travel,Business,336,2,5,5,5,5,4,4,2,2,2,2,3,2,3,0,0.0
satisfied,Loyal Customer,37,Business travel,Eco,2905,5,1,1,1,5,5,5,5,3,1,5,1,1,5,0,0.0
dissatisfied,Loyal Customer,57,Business travel,Business,2652,3,1,4,4,3,3,3,3,3,3,3,4,3,3,0,14.0
dissatisfied,Loyal Customer,25,Personal Travel,Eco,2132,1,4,1,4,3,1,3,3,4,4,4,5,4,3,0,0.0
satisfied,Loyal Customer,52,Business travel,Business,1756,4,4,4,4,5,5,4,5,5,4,5,3,5,4,35,39.0
satisfied,Loyal Customer,41,Business travel,Business,841,3,3,3,3,2,4,4,5,5,5,5,5,5,5,4,0.0
satisfied,Loyal Customer,47,Business travel,Business,2658,2,2,2,2,5,5,5,4,3,3,5,5,3,5,0,70.0
dissatisfied,Loyal Customer,72,Business travel,Eco,1838,3,4,4,4,3,3,3,3,2,3,2,3,2,3,0,0.0
dissatisfied,Loyal Customer,17,Personal Travel,Eco,1214,3,4,3,5,2,3,2,2,3,3,5,5,4,2,0,0.0
satisfied,disloyal Customer,24,Business travel,Eco,2029,4,4,4,2,2,4,2,2,3,2,5,3,4,2,0,0.0
satisfied,Loyal Customer,46,Personal Travel,Business,1010,1,1,1,1,4,4,5,4,4,4,4,3,4,5,12,2.0
satisfied,Loyal Customer,49,Business travel,Business,854,3,3,3,3,3,5,4,4,4,4,4,3,4,3,25,17.0
dissatisfied,disloyal Customer,73,Business travel,Eco,1232,3,0,2,2,5,2,5,5,2,4,5,2,3,5,0,0.0
satisfied,Loyal Customer,59,Business travel,Business,2868,5,5,5,5,5,5,4,3,3,4,3,5,3,3,0,0.0
satisfied,Loyal Customer,14,Personal Travel,Eco,1511,5,5,5,5,5,3,1,4,4,4,3,4,4,1,0,0.0
satisfied,Loyal Customer,43,Business travel,Business,1670,0,0,0,2,5,4,4,3,3,3,3,5,3,3,0,0.0
satisfied,Loyal Customer,40,Personal Travel,Eco,1580,2,2,2,2,4,5,4,4,4,4,4,3,4,5,0,5.0
satisfied,disloyal Customer,27,Business travel,Business,1765,5,5,5,3,2,5,2,2,4,5,4,5,5,2,0,0.0
dissatisfied,disloyal Customer,62,Business travel,Eco,2623,4,4,4,2,3,4,3,3,4,4,1,2,3,3,18,29.0
satisfied,Loyal Customer,8,Personal Travel,Eco,1870,5,5,5,5,2,5,5,4,4,4,4,4,4,5,0,0.0
dissatisfied,disloyal Customer,40,Business travel,Eco Plus,1450,2,3,3,2,5,3,5,5,5,5,3,4,4,5,56,44.0
satisfied,Loyal Customer,13,Personal Travel,Eco,1987,5,5,5,5,3,5,4,4,4,5,4,4,4,3,0,0.0
satisfied,Loyal Customer,44,Business travel,Business,2617,3,3,3,3,2,5,5,5,5,5,5,4,5,3,0,7.0
satisfied,Loyal Customer,49,Business travel,Business,3161,0,0,0,2,3,4,5,3,3,3,3,3,3,4,0,1.0
satisfied,Loyal Customer,55,Business travel,Business,2752,4,4,4,4,5,5,5,4,4,4,4,3,4,1,0,0.0
satisfied,Loyal Customer,47,Business travel,Business,3357,5,5,5,5,2,5,5,5,5,5,5,5,5,4,19,0.0
satisfied,Loyal Customer,58,Business travel,Business,2504,1,1,4,1,5,5,4,5,5,5,5,4,5,4,11,0.0
dissatisfied,Loyal Customer,52,Personal Travel,Business,338,2,2,2,4,4,4,3,3,3,2,3,1,3,2,0,0.0
satisfied,Loyal Customer,46,Personal Travel,Eco Plus,216,5,4,5,4,5,5,4,4,4,5,4,5,4,4,2,0.0
dissatisfied,disloyal Customer,26,Business travel,Eco,1995,2,0,2,2,4,2,4,4,2,5,3,3,4,4,0,0.0
satisfied,Loyal Customer,30,Business travel,Business,3156,4,4,4,4,5,5,5,5,5,4,5,3,4,5,0,0.0
dissatisfied,Loyal Customer,50,Personal Travel,Eco,88,4,0,4,1,3,5,5,4,4,4,4,5,4,3,0,0.0
dissatisfied,Loyal Customer,64,Personal Travel,Eco,1778,2,2,2,3,3,2,3,3,1,4,3,2,3,3,0,0.0
dissatisfied,disloyal Customer,37,Business travel,Business,1759,3,3,3,3,4,3,4,4,3,4,5,4,5,4,0,0.0
satisfied,Loyal Customer,39,Business travel,Business,2460,3,3,3,3,2,5,4,5,5,4,5,4,5,3,0,0.0
satisfied,Loyal Customer,10,Personal Travel,Eco,1175,4,4,4,4,5,4,4,4,4,4,4,3,4,3,46,38.0
satisfied,Loyal Customer,55,Business travel,Business,1130,5,5,5,5,2,1,2,4,4,4,4,1,4,4,0,0.0
satisfied,Loyal Customer,29,Business travel,Business,4094,5,5,5,5,5,5,5,5,5,4,3,5,4,5,3,0.0
dissatisfied,Loyal Customer,49,Personal Travel,Eco Plus,2264,2,5,2,1,1,2,1,1,4,5,4,4,4,1,68,65.0
satisfied,Loyal Customer,55,Personal Travel,Eco,648,3,3,3,3,1,1,5,4,4,4,4,2,4,1,0,0.0
satisfied,Loyal Customer,41,Business travel,Business,1949,3,3,3,3,2,4,4,4,4,4,4,5,4,4,0,30.0
satisfied,Loyal Customer,52,Business travel,Business,2185,3,3,3,3,5,4,4,4,4,4,4,4,4,4,0,2.0
dissatisfied,Loyal Customer,66,Personal Travel,Eco,1563,1,4,4,2,3,4,3,3,4,5,4,5,4,3,0,6.0
dissatisfied,Loyal Customer,53,Personal Travel,Eco,1796,1,4,2,2,5,2,5,5,4,5,4,4,5,5,33,32.0
satisfied,Loyal Customer,51,Business travel,Business,1999,5,5,5,5,3,3,2,4,4,4,4,2,4,5,8,8.0
satisfied,Loyal Customer,58,Personal Travel,Eco,262,4,5,5,5,3,5,4,4,4,4,4,5,4,5,0,0.0
satisfied,Loyal Customer,48,Business travel,Business,1702,5,5,5,5,4,4,4,2,2,2,2,5,2,4,36,33.0
dissatisfied,disloyal Customer,28,Business travel,Eco,2826,4,4,4,3,5,4,5,5,3,3,2,1,2,5,0,7.0
satisfied,Loyal Customer,46,Personal Travel,Eco,638,0,0,0,1,2,4,4,5,5,5,5,4,5,4,79,82.0
satisfied,Loyal Customer,57,Business travel,Business,3042,2,2,2,2,5,5,4,5,5,5,5,5,5,5,6,1.0
satisfied,Loyal Customer,41,Business travel,Eco,4343,4,2,2,2,4,4,4,4,5,1,5,3,3,4,95,87.0
satisfied,Loyal Customer,52,Business travel,Business,2573,3,3,3,3,3,5,5,4,4,4,4,3,4,5,0,0.0
dissatisfied,Loyal Customer,31,Personal Travel,Business,1469,1,2,1,4,4,1,4,4,3,1,3,1,4,4,0,0.0
satisfied,Loyal Customer,33,Personal Travel,Eco,2659,4,4,4,4,5,4,1,4,4,4,4,5,4,1,0,0.0
satisfied,Loyal Customer,26,Business travel,Eco Plus,1370,5,4,4,4,5,5,4,5,4,2,2,2,3,5,57,44.0
dissatisfied,Loyal Customer,12,Personal Travel,Eco Plus,1824,2,1,2,1,1,2,1,1,3,4,2,3,1,1,0,0.0
dissatisfied,Loyal Customer,39,Business travel,Business,3241,3,1,1,1,3,4,4,3,3,4,3,4,3,4,0,0.0
dissatisfied,disloyal Customer,25,Business travel,Eco,1853,2,1,2,3,3,2,3,3,4,4,3,4,4,3,0,0.0
satisfied,Loyal Customer,17,Personal Travel,Eco,1245,5,4,5,3,5,2,2,5,2,4,5,2,4,2,0,0.0
satisfied,Loyal Customer,39,Business travel,Eco,2987,5,1,1,1,5,5,5,5,2,3,3,3,5,5,0,0.0
dissatisfied,disloyal Customer,11,Business travel,Eco,2455,1,1,1,1,2,1,2,2,3,2,5,3,4,2,17,14.0
satisfied,Loyal Customer,50,Business travel,Business,2475,2,2,2,2,4,5,5,5,2,5,4,5,5,5,10,16.0
satisfied,disloyal Customer,37,Business travel,Business,1728,4,4,4,5,1,4,1,1,4,5,5,3,4,1,0,0.0
satisfied,Loyal Customer,32,Business travel,Business,4190,0,5,1,3,3,3,3,3,2,5,3,3,4,3,0,0.0
dissatisfied,Loyal Customer,18,Personal Travel,Eco,2474,3,1,3,4,5,3,5,5,3,5,4,1,3,5,32,9.0
satisfied,Loyal Customer,48,Business travel,Business,205,0,5,0,4,2,4,4,3,3,3,3,5,3,5,5,2.0
satisfied,Loyal Customer,10,Business travel,Business,4859,2,2,2,2,5,5,5,5,4,3,5,5,5,5,0,0.0
dissatisfied,Loyal Customer,58,Business travel,Eco,1510,4,4,4,4,4,4,4,4,4,3,4,3,3,4,0,0.0
satisfied,Loyal Customer,30,Business travel,Business,2594,2,2,2,2,3,3,3,3,3,5,4,4,4,3,0,0.0
satisfied,Loyal Customer,30,Personal Travel,Eco,1461,4,4,4,4,3,4,5,5,5,4,5,4,5,5,23,28.0
satisfied,Loyal Customer,28,Business travel,Business,3691,1,1,1,1,5,5,5,3,3,4,4,5,5,5,16,18.0
dissatisfied,Loyal Customer,67,Business travel,Business,1695,3,4,4,4,5,1,1,3,3,2,3,4,3,3,47,38.0
satisfied,Loyal Customer,13,Personal Travel,Eco Plus,3287,5,5,5,5,5,5,5,5,4,5,5,5,5,5,0,3.0
satisfied,Loyal Customer,56,Business travel,Eco Plus,574,3,5,5,5,2,5,4,3,3,3,3,4,3,3,0,0.0
dissatisfied,Loyal Customer,46,Business travel,Eco,2312,2,4,4,4,2,2,2,2,4,3,4,4,4,2,0,6.0
satisfied,Loyal Customer,59,Business travel,Business,2860,4,2,4,4,3,4,5,5,5,5,5,5,5,3,0,3.0
satisfied,Loyal Customer,44,Business travel,Business,3478,5,5,5,5,3,4,4,1,1,2,1,4,1,5,0,0.0
dissatisfied,Loyal Customer,48,Business travel,Eco,2119,2,3,3,3,2,2,2,2,4,2,3,2,3,2,18,9.0
dissatisfied,disloyal Customer,29,Business travel,Business,1589,1,1,1,3,1,1,1,1,3,3,4,5,5,1,0,0.0
dissatisfied,disloyal Customer,47,Business travel,Eco,1540,3,1,3,4,3,3,3,3,3,3,3,1,4,3,54,44.0
satisfied,Loyal Customer,47,Business travel,Business,3540,3,3,3,3,4,4,5,5,5,5,5,4,5,5,0,0.0
satisfied,Loyal Customer,51,Personal Travel,Eco,203,5,5,5,5,2,5,4,5,5,5,5,4,5,3,0,0.0
satisfied,Loyal Customer,40,Business travel,Business,3042,5,5,5,5,5,5,5,4,4,4,4,4,4,3,12,5.0
dissatisfied,Loyal Customer,30,Business travel,Business,3981,1,1,1,1,1,2,1,1,3,3,2,3,2,1,0,3.0
satisfied,Loyal Customer,42,Business travel,Business,619,3,3,3,3,4,4,5,5,5,5,5,3,5,4,12,0.0
satisfied,Loyal Customer,60,Business travel,Business,3639,2,2,2,2,2,5,5,4,4,4,4,5,4,5,6,0.0
satisfied,Loyal Customer,57,Business travel,Business,386,2,2,2,2,3,5,5,4,4,4,4,4,4,3,5,6.0
satisfied,Loyal Customer,60,Business travel,Eco,377,4,1,1,1,5,4,3,4,4,4,4,2,4,2,0,9.0
satisfied,Loyal Customer,39,Business travel,Business,2373,2,2,2,2,5,5,4,2,2,2,2,5,2,4,1,4.0
dissatisfied,Loyal Customer,33,Personal Travel,Eco Plus,1482,1,4,1,2,4,1,4,4,5,5,5,3,4,4,24,11.0
satisfied,Loyal Customer,41,Business travel,Business,3470,1,1,1,1,2,4,5,5,5,5,5,4,5,5,0,0.0
dissatisfied,Loyal Customer,41,Business travel,Business,3114,2,3,3,3,3,3,4,2,2,2,2,2,2,3,128,115.0
satisfied,Loyal Customer,52,Personal Travel,Eco,436,4,4,4,4,5,4,5,4,4,4,4,3,4,5,0,0.0
dissatisfied,Loyal Customer,27,Business travel,Business,1762,3,1,1,1,3,3,3,3,2,3,3,1,3,3,63,53.0
satisfied,Loyal Customer,50,Business travel,Eco Plus,4249,5,5,5,5,5,5,5,5,1,5,5,5,4,5,0,0.0
satisfied,Loyal Customer,42,Business travel,Business,1563,4,4,4,4,4,5,5,5,5,5,5,5,5,4,8,19.0
dissatisfied,disloyal Customer,27,Business travel,Eco,1742,4,4,4,4,2,4,2,2,1,1,4,2,3,2,6,18.0
dissatisfied,disloyal Customer,28,Business travel,Business,3028,1,1,1,4,1,2,2,5,2,4,4,2,4,2,153,147.0
dissatisfied,Loyal Customer,39,Business travel,Business,1622,3,5,5,5,5,2,3,3,3,4,3,2,3,3,3,0.0
dissatisfied,Loyal Customer,63,Personal Travel,Eco,3112,1,4,2,3,2,2,2,2,4,4,4,3,3,2,0,0.0
dissatisfied,Loyal Customer,43,Business travel,Business,3196,3,1,1,1,3,2,3,3,3,3,3,1,3,4,32,50.0
dissatisfied,disloyal Customer,25,Business travel,Eco,1975,2,2,2,3,1,2,1,1,5,3,3,4,2,1,1,0.0
dissatisfied,Loyal Customer,34,Personal Travel,Eco,2197,3,5,3,3,2,3,2,2,4,4,5,5,4,2,32,34.0
dissatisfied,Loyal Customer,46,Personal Travel,Eco Plus,1332,4,5,4,4,4,4,4,5,5,4,5,3,5,5,0,0.0
satisfied,Loyal Customer,58,Business travel,Eco,1118,4,4,4,4,4,4,4,4,3,2,5,5,1,4,54,53.0
dissatisfied,Loyal Customer,54,Personal Travel,Eco,1592,3,5,2,3,3,2,3,3,4,2,4,5,4,3,0,0.0
satisfied,Loyal Customer,55,Business travel,Business,2351,4,4,4,4,4,4,4,4,2,5,4,4,4,4,0,0.0
satisfied,Loyal Customer,35,Business travel,Business,1603,4,4,4,4,1,2,2,5,5,5,5,4,5,3,0,7.0
dissatisfied,Loyal Customer,31,Personal Travel,Eco,2121,4,4,4,1,5,4,5,5,5,4,4,5,5,5,41,30.0
satisfied,Loyal Customer,37,Personal Travel,Eco,1161,3,3,4,3,5,4,4,2,2,2,2,4,2,3,40,46.0
satisfied,Loyal Customer,36,Business travel,Eco,1684,3,3,3,3,3,3,3,3,4,2,5,4,2,3,0,0.0
dissatisfied,Loyal Customer,56,Business travel,Eco,112,4,2,2,2,5,4,3,5,5,4,5,4,5,3,0,0.0
satisfied,Loyal Customer,38,Personal Travel,Eco,1760,5,5,5,3,5,5,4,1,1,5,1,3,1,3,0,0.0
satisfied,Loyal Customer,67,Personal Travel,Eco,542,5,5,5,5,2,5,5,5,5,5,5,5,5,5,0,0.0
satisfied,Loyal Customer,45,Business travel,Eco,2441,4,5,5,5,4,4,4,1,2,4,4,4,3,4,154,143.0
satisfied,Loyal Customer,64,Personal Travel,Eco,2029,5,4,5,2,2,5,2,2,4,2,5,3,4,2,0,0.0
dissatisfied,disloyal Customer,25,Business travel,Eco,2695,4,4,4,2,2,4,2,2,1,3,3,2,3,2,0,0.0
dissatisfied,Loyal Customer,13,Personal Travel,Business,2093,1,3,1,3,4,1,4,4,3,3,3,1,3,4,0,0.0
satisfied,Loyal Customer,62,Business travel,Business,344,2,2,2,2,2,1,3,4,4,4,4,1,4,4,0,0.0
dissatisfied,Loyal Customer,44,Business travel,Business,2775,2,4,4,4,3,3,4,2,2,2,2,3,2,2,0,0.0
satisfied,Loyal Customer,39,Business travel,Business,2510,3,4,3,3,5,5,5,4,2,4,4,5,3,5,137,150.0
satisfied,Loyal Customer,57,Business travel,Business,1894,5,5,5,5,4,4,5,4,4,4,4,3,4,4,112,109.0
dissatisfied,Loyal Customer,44,Personal Travel,Eco Plus,2782,3,4,3,3,3,3,5,3,3,3,4,5,4,3,38,33.0
satisfied,Loyal Customer,44,Personal Travel,Eco,1655,5,3,5,5,5,5,4,4,4,4,4,3,4,5,11,9.0
satisfied,Loyal Customer,54,Business travel,Business,1525,2,2,2,2,5,4,5,5,5,5,5,3,5,3,20,21.0
satisfied,Loyal Customer,37,Business travel,Eco,1922,5,5,5,5,5,5,5,5,1,2,3,5,5,5,0,0.0
satisfied,disloyal Customer,39,Business travel,Business,2562,4,5,5,1,1,5,1,1,4,2,5,4,4,1,79,63.0
dissatisfied,disloyal Customer,22,Business travel,Eco,2432,4,4,4,3,1,4,1,1,1,4,2,2,2,1,0,0.0
satisfied,Loyal Customer,52,Personal Travel,Eco,498,5,4,5,3,5,2,2,3,2,4,5,2,3,2,7,14.0
satisfied,Loyal Customer,48,Business travel,Business,76,0,4,0,1,3,3,4,2,2,2,2,2,2,4,0,1.0
dissatisfied,disloyal Customer,21,Business travel,Eco,1238,2,0,2,1,2,2,4,2,3,2,4,3,4,2,0,0.0
dissatisfied,Loyal Customer,63,Business travel,Eco Plus,912,1,1,1,1,3,4,3,1,1,1,1,4,1,1,0,0.0
satisfied,Loyal Customer,27,Business travel,Business,2597,1,1,1,1,4,4,4,4,3,5,4,3,4,4,106,124.0
satisfied,disloyal Customer,30,Business travel,Business,2782,5,5,5,3,4,5,4,4,4,2,4,5,4,4,4,0.0
satisfied,Loyal Customer,41,Business travel,Business,778,2,2,2,2,4,5,5,4,4,5,4,4,4,4,0,27.0
satisfied,Loyal Customer,49,Business travel,Business,418,2,2,2,2,4,5,5,5,5,4,5,5,5,5,0,9.0
satisfied,Loyal Customer,30,Business travel,Business,4027,4,4,4,4,3,4,3,3,4,4,1,4,3,3,0,13.0
satisfied,Loyal Customer,22,Personal Travel,Eco,2825,5,5,5,5,4,5,4,4,2,5,4,5,1,4,14,0.0
dissatisfied,Loyal Customer,33,Business travel,Business,2145,2,1,1,1,2,2,2,2,2,2,4,2,4,2,0,0.0
satisfied,Loyal Customer,42,Business travel,Eco Plus,656,3,5,5,5,1,4,2,3,3,3,3,5,3,1,0,0.0
dissatisfied,Loyal Customer,44,Personal Travel,Eco,1880,3,4,3,3,4,3,4,4,4,3,5,4,5,4,0,0.0
satisfied,Loyal Customer,38,Business travel,Business,433,4,4,4,4,4,5,5,5,5,5,5,4,5,3,0,0.0
satisfied,Loyal Customer,23,Business travel,Business,3693,5,5,5,5,5,5,5,5,1,3,4,5,3,5,0,2.0
dissatisfied,disloyal Customer,37,Business travel,Business,1971,1,1,1,3,1,1,1,1,4,2,4,4,5,1,0,0.0
dissatisfied,disloyal Customer,57,Business travel,Eco Plus,1749,1,1,1,3,5,1,4,5,4,3,1,2,5,5,0,0.0
satisfied,Loyal Customer,9,Business travel,Business,3420,1,1,1,1,5,5,5,5,5,3,1,5,5,5,0,0.0
dissatisfied,Loyal Customer,63,Business travel,Eco,1565,2,2,2,2,2,2,2,2,2,2,3,2,2,2,31,48.0
dissatisfied,disloyal Customer,20,Business travel,Eco,1830,1,5,1,4,3,1,4,3,3,4,3,1,1,3,0,0.0
satisfied,Loyal Customer,44,Business travel,Eco,56,4,3,3,3,4,4,5,4,4,4,4,3,4,4,0,0.0
satisfied,Loyal Customer,50,Business travel,Business,2318,4,4,4,4,5,4,4,4,4,4,4,3,4,4,0,17.0
satisfied,Loyal Customer,43,Business travel,Eco,471,5,1,1,1,1,1,5,3,3,5,3,4,3,5,0,0.0
satisfied,Loyal Customer,40,Personal Travel,Eco,3090,5,5,5,5,2,4,4,5,5,5,5,2,5,3,1,0.0
dissatisfied,Loyal Customer,62,Personal Travel,Eco Plus,1825,2,1,2,3,3,2,3,3,2,1,4,4,4,3,0,0.0
dissatisfied,Loyal Customer,40,Business travel,Business,1379,2,3,3,3,2,3,3,2,2,2,2,2,2,2,0,1.0
satisfied,Loyal Customer,51,Business travel,Business,3552,3,3,3,3,1,3,3,5,5,4,5,1,5,5,2,0.0
satisfied,Loyal Customer,34,Business travel,Business,1675,3,3,3,3,1,5,5,4,4,4,4,1,4,4,0,0.0
satisfied,Loyal Customer,47,Business travel,Business,3823,2,2,2,2,5,5,5,5,5,5,5,3,5,5,16,8.0
satisfied,Loyal Customer,45,Business travel,Eco,1696,2,3,3,3,2,2,2,2,2,2,3,1,5,2,42,31.0
dissatisfied,Loyal Customer,44,Business travel,Business,2359,5,4,4,4,4,3,4,5,5,4,5,2,5,4,11,16.0
satisfied,Loyal Customer,9,Personal Travel,Eco,2453,5,5,5,5,4,4,4,4,2,5,2,2,4,4,52,45.0
satisfied,Loyal Customer,33,Business travel,Business,2174,3,3,3,3,5,4,5,5,5,5,5,5,5,5,20,0.0
dissatisfied,Loyal Customer,49,Business travel,Business,3889,1,4,4,4,4,2,2,1,1,1,1,4,1,2,0,0.0
dissatisfied,Loyal Customer,40,Personal Travel,Eco Plus,1500,3,0,3,3,5,3,5,5,4,2,5,4,5,5,0,0.0
satisfied,Loyal Customer,35,Business travel,Eco,2404,5,3,3,3,5,4,5,5,2,1,1,4,2,5,0,0.0
dissatisfied,Loyal Customer,45,Personal Travel,Eco,1930,3,2,3,2,2,3,2,2,3,3,2,1,3,2,0,0.0
satisfied,Loyal Customer,51,Business travel,Business,1867,3,3,3,3,4,4,5,3,3,3,3,4,3,5,0,0.0
satisfied,Loyal Customer,27,Personal Travel,Eco,2941,5,3,5,3,4,5,5,4,4,1,5,1,3,4,5,0.0
dissatisfied,Loyal Customer,64,Personal Travel,Eco,1629,2,4,2,1,5,2,4,5,4,1,5,3,5,5,0,0.0
satisfied,Loyal Customer,36,Business travel,Eco Plus,991,5,5,4,4,5,5,5,5,2,2,4,5,4,5,0,0.0
dissatisfied,Loyal Customer,22,Business travel,Business,3795,3,2,2,2,3,3,3,2,4,2,4,3,4,3,12,4.0
dissatisfied,disloyal Customer,32,Business travel,Business,1283,2,2,2,2,2,2,2,2,4,4,4,4,5,2,21,12.0
satisfied,Loyal Customer,23,Business travel,Eco,2216,4,5,3,5,4,4,3,4,2,3,1,4,4,4,0,0.0
satisfied,Loyal Customer,26,Personal Travel,Eco,2682,3,3,3,3,5,4,5,5,5,4,5,3,5,5,1,8.0
dissatisfied,Loyal Customer,67,Personal Travel,Eco,2543,2,1,3,1,5,3,5,5,1,2,1,1,2,5,0,0.0
dissatisfied,disloyal Customer,61,Business travel,Business,1767,3,3,3,4,2,3,2,2,4,5,4,1,3,2,0,0.0
dissatisfied,disloyal Customer,44,Business travel,Eco,3364,1,1,1,3,2,1,2,2,1,5,5,3,1,2,17,0.0
satisfied,Loyal Customer,34,Personal Travel,Eco,2899,1,1,1,1,2,4,4,5,5,5,5,3,5,4,0,0.0
satisfied,Loyal Customer,59,Personal Travel,Eco,2216,5,3,5,3,2,2,3,2,2,5,2,3,2,2,0,0.0
satisfied,Loyal Customer,8,Personal Travel,Eco,1523,4,4,4,4,5,5,5,5,4,3,4,4,5,5,0,0.0
satisfied,Loyal Customer,24,Business travel,Business,4917,4,4,4,4,4,4,4,4,5,5,4,4,5,4,0,0.0
dissatisfied,Loyal Customer,36,Personal Travel,Eco,2862,3,5,3,3,5,3,2,5,5,3,5,5,5,5,4,0.0
satisfied,Loyal Customer,56,Business travel,Eco Plus,2176,5,5,5,5,5,5,5,5,1,4,1,3,2,5,0,10.0
satisfied,Loyal Customer,51,Business travel,Business,285,2,2,2,2,5,4,2,5,5,5,5,4,5,3,37,14.0
satisfied,Loyal Customer,65,Business travel,Business,2487,3,3,3,3,2,3,5,4,4,4,4,3,4,1,1,0.0
satisfied,Loyal Customer,52,Personal Travel,Eco,3009,5,3,5,3,2,5,2,2,2,4,4,4,4,2,0,0.0
satisfied,Loyal Customer,29,Business travel,Eco,2821,4,1,1,1,4,4,4,1,3,3,5,4,4,4,195,184.0
satisfied,disloyal Customer,52,Business travel,Eco,2110,5,5,5,3,1,5,1,1,3,1,2,2,3,1,0,22.0
satisfied,Loyal Customer,59,Business travel,Business,2807,5,5,5,5,3,5,5,5,5,5,5,5,5,5,0,2.0
satisfied,Loyal Customer,23,Personal Travel,Eco,2002,4,1,4,3,2,4,2,2,4,1,2,4,2,2,4,2.0
dissatisfied,disloyal Customer,39,Business travel,Business,2112,3,3,3,5,2,3,2,2,5,5,4,4,5,2,54,52.0
satisfied,Loyal Customer,15,Business travel,Business,4721,2,2,2,2,5,5,5,5,5,3,5,3,4,5,0,0.0
dissatisfied,Loyal Customer,61,Personal Travel,Eco Plus,1463,2,4,3,4,5,3,5,5,1,5,3,3,4,5,0,0.0
satisfied,Loyal Customer,25,Business travel,Business,5217,3,2,3,3,4,4,4,4,3,4,4,3,5,4,45,37.0
satisfied,Loyal Customer,58,Business travel,Business,785,1,1,3,1,2,4,5,4,4,4,4,4,4,4,1,0.0
dissatisfied,Loyal Customer,63,Business travel,Eco,406,3,3,4,4,2,2,1,3,3,3,3,2,3,1,3,17.0
satisfied,Loyal Customer,39,Business travel,Business,754,2,2,2,2,3,4,5,5,5,5,5,4,5,4,0,0.0
satisfied,Loyal Customer,39,Business travel,Business,2276,2,2,2,2,5,5,5,4,4,4,4,4,4,3,8,17.0
satisfied,Loyal Customer,66,Personal Travel,Eco Plus,626,0,0,0,3,2,3,1,3,3,3,3,5,3,2,0,2.0
satisfied,Loyal Customer,28,Personal Travel,Eco Plus,1414,2,2,2,2,1,4,1,5,5,5,5,5,5,3,0,0.0
satisfied,Loyal Customer,39,Business travel,Business,2223,1,1,1,1,4,4,5,4,4,4,4,5,4,4,0,2.0
satisfied,disloyal Customer,29,Business travel,Business,1179,5,4,4,3,2,4,2,2,3,4,4,5,4,2,47,55.0
dissatisfied,Loyal Customer,36,Personal Travel,Eco,2098,1,2,1,4,3,1,3,3,1,2,4,4,3,3,0,0.0
satisfied,Loyal Customer,20,Business travel,Eco,1616,5,5,5,5,5,5,5,5,3,3,5,1,4,5,15,25.0
satisfied,Loyal Customer,59,Personal Travel,Eco,544,2,2,2,2,5,4,4,4,4,4,4,4,4,4,18,20.0
dissatisfied,disloyal Customer,26,Business travel,Eco,2089,2,4,2,3,4,2,4,4,1,3,4,1,2,4,2,0.0
dissatisfied,disloyal Customer,22,Business travel,Eco,1785,2,0,2,3,4,2,4,4,3,5,4,5,2,4,0,0.0
satisfied,Loyal Customer,50,Business travel,Business,1569,2,2,2,2,2,5,4,4,4,5,4,3,4,5,0,0.0
dissatisfied,Loyal Customer,35,Business travel,Business,3037,1,2,2,2,3,2,3,1,1,1,1,3,1,1,0,0.0
dissatisfied,Loyal Customer,52,Business travel,Business,1530,2,4,4,4,5,3,3,2,2,1,2,1,2,2,43,17.0
satisfied,Loyal Customer,46,Business travel,Business,2459,1,1,1,1,3,5,5,4,4,4,4,5,4,4,0,0.0
dissatisfied,Loyal Customer,32,Personal Travel,Eco,2114,4,5,4,3,2,4,2,2,3,2,4,3,4,2,2,0.0
satisfied,disloyal Customer,21,Business travel,Business,1714,4,4,4,2,3,4,3,3,5,3,4,3,5,3,0,0.0
dissatisfied,disloyal Customer,36,Business travel,Eco,2425,1,1,1,3,1,1,4,1,3,4,3,4,3,1,1,0.0
satisfied,Loyal Customer,34,Business travel,Business,2106,3,3,3,3,1,4,1,4,4,4,4,5,4,1,8,54.0
satisfied,Loyal Customer,60,Business travel,Business,1696,2,2,2,2,3,5,4,5,5,5,5,5,5,3,0,0.0
satisfied,Loyal Customer,24,Business travel,Business,3235,2,2,2,2,4,4,4,4,1,4,5,1,3,4,0,0.0
satisfied,Loyal Customer,18,Business travel,Business,4867,3,3,2,3,5,5,5,5,4,3,5,3,4,5,0,0.0
satisfied,disloyal Customer,27,Business travel,Business,2822,4,4,4,4,3,4,2,3,5,5,5,3,5,3,103,87.0
satisfied,Loyal Customer,41,Business travel,Eco,1314,5,2,2,2,5,5,5,5,1,3,3,2,4,5,0,0.0
satisfied,Loyal Customer,49,Business travel,Business,267,3,3,3,3,3,4,5,5,5,5,5,5,5,4,0,0.0
satisfied,Loyal Customer,40,Business travel,Business,3843,0,0,0,3,4,5,5,3,3,3,5,5,3,5,97,106.0
satisfied,Loyal Customer,40,Business travel,Business,1383,5,5,2,5,5,5,5,4,4,4,4,3,4,4,0,0.0
satisfied,Loyal Customer,76,Business travel,Business,254,2,2,2,2,1,5,2,4,4,4,5,3,4,4,0,0.0
dissatisfied,Loyal Customer,35,Business travel,Eco,1441,2,1,1,1,2,2,2,2,3,1,4,3,3,2,0,6.0
satisfied,Loyal Customer,17,Personal Travel,Eco,2913,4,4,4,4,2,1,4,5,5,5,5,2,5,1,0,0.0
dissatisfied,Loyal Customer,42,Business travel,Eco Plus,314,1,4,5,4,3,4,3,1,1,1,1,2,1,1,108,93.0
dissatisfied,disloyal Customer,18,Business travel,Eco,1370,2,2,2,3,1,2,1,1,3,3,3,1,3,1,0,0.0
dissatisfied,disloyal Customer,43,Business travel,Business,2003,3,3,3,3,3,3,1,3,2,3,3,5,3,3,0,0.0
dissatisfied,disloyal Customer,17,Business travel,Eco,1216,2,2,1,4,1,1,1,1,2,3,3,4,4,1,34,9.0
satisfied,Loyal Customer,68,Personal Travel,Eco,578,1,4,1,1,5,5,5,4,4,4,4,4,4,3,42,37.0
satisfied,disloyal Customer,21,Business travel,Eco,2903,5,5,5,3,2,5,2,2,5,3,4,5,5,2,5,0.0
satisfied,Loyal Customer,21,Personal Travel,Eco,2963,5,5,5,5,2,1,2,4,4,4,4,1,4,4,10,5.0
dissatisfied,Loyal Customer,54,Business travel,Business,3490,2,1,1,1,1,4,4,2,2,2,2,1,2,2,104,106.0
satisfied,Loyal Customer,62,Business travel,Eco,1850,4,1,1,1,4,4,4,4,3,3,3,3,2,4,0,0.0
satisfied,Loyal Customer,33,Business travel,Business,3057,0,5,0,1,4,4,4,4,1,3,5,5,3,4,0,0.0
satisfied,Loyal Customer,59,Business travel,Eco,1609,4,2,5,2,3,4,3,4,4,4,4,3,4,2,0,0.0
dissatisfied,disloyal Customer,39,Business travel,Eco,1244,1,2,1,2,4,1,4,4,3,4,3,4,2,4,0,0.0
satisfied,Loyal Customer,40,Business travel,Business,1271,3,3,3,3,2,4,5,3,3,4,3,4,3,4,0,0.0
dissatisfied,disloyal Customer,36,Business travel,Eco,1814,4,2,4,4,1,4,1,1,2,1,4,1,3,1,59,48.0
satisfied,Loyal Customer,22,Business travel,Business,1553,4,4,4,4,4,4,4,4,2,1,3,2,4,4,0,0.0
dissatisfied,disloyal Customer,25,Business travel,Eco,1030,2,3,2,3,2,2,2,2,2,1,4,1,3,2,19,23.0
dissatisfied,Loyal Customer,35,Personal Travel,Eco,1972,1,4,1,3,1,1,1,1,5,3,5,5,5,1,0,0.0
satisfied,Loyal Customer,47,Business travel,Business,3980,3,3,3,3,3,4,4,5,5,5,5,4,5,5,0,0.0
satisfied,Loyal Customer,57,Business travel,Business,2423,2,3,2,2,3,5,5,2,2,2,2,3,2,4,0,0.0
dissatisfied,Loyal Customer,19,Personal Travel,Eco,1392,3,5,3,1,4,3,4,4,3,4,5,4,4,4,0,0.0
satisfied,Loyal Customer,34,Personal Travel,Eco Plus,2148,5,4,5,3,5,5,5,5,2,2,4,1,3,5,0,0.0
satisfied,Loyal Customer,27,Business travel,Business,2288,3,3,3,3,5,5,5,5,1,1,3,4,2,5,7,0.0
satisfied,Loyal Customer,59,Business travel,Business,2405,5,5,5,5,5,5,5,4,4,5,4,3,4,3,0,0.0
dissatisfied,Loyal Customer,36,Business travel,Eco Plus,1246,3,1,1,1,3,3,3,3,2,2,4,2,4,3,14,12.0
dissatisfied,Loyal Customer,40,Business travel,Eco,1890,2,3,3,3,2,2,2,2,2,2,4,1,3,2,10,10.0
dissatisfied,Loyal Customer,53,Personal Travel,Eco,2762,4,4,4,3,4,4,4,3,3,4,4,4,4,4,0,31.0
dissatisfied,disloyal Customer,39,Business travel,Business,4334,3,3,3,2,3,3,1,3,5,3,3,4,5,3,0,0.0
satisfied,Loyal Customer,45,Business travel,Business,500,4,4,4,4,5,5,5,4,4,4,4,5,4,4,60,53.0
satisfied,Loyal Customer,30,Business travel,Business,4448,2,2,1,2,4,4,4,4,5,3,5,5,5,4,0,0.0
dissatisfied,Loyal Customer,50,Personal Travel,Eco,1928,1,4,1,4,5,1,5,5,2,1,3,1,4,5,23,27.0
satisfied,Loyal Customer,45,Business travel,Business,512,3,3,3,3,2,2,3,4,4,4,4,2,4,3,0,0.0
dissatisfied,Loyal Customer,52,Personal Travel,Business,4540,3,1,3,2,3,2,2,4,3,3,3,2,4,2,163,123.0
dissatisfied,Loyal Customer,31,Business travel,Eco,1507,2,2,3,3,2,2,2,2,1,4,4,1,4,2,0,0.0
dissatisfied,Loyal Customer,67,Business travel,Eco,1594,3,1,1,1,3,3,3,3,1,3,3,2,3,3,31,22.0
satisfied,Loyal Customer,55,Business travel,Business,449,2,2,2,2,4,4,5,5,5,5,5,4,5,5,0,0.0
satisfied,Loyal Customer,34,Business travel,Business,1791,3,3,4,3,5,4,5,4,4,4,4,3,4,3,28,16.0
dissatisfied,disloyal Customer,33,Business travel,Eco,2032,2,0,2,2,3,2,4,3,4,5,1,3,4,3,0,0.0
satisfied,Loyal Customer,61,Business travel,Eco,1495,5,4,4,4,5,5,5,5,2,5,2,2,5,5,29,29.0
satisfied,Loyal Customer,53,Business travel,Business,2042,1,1,1,1,5,4,4,4,4,4,4,4,4,5,0,0.0
dissatisfied,disloyal Customer,36,Business travel,Business,1283,3,3,3,3,5,3,5,5,3,2,4,5,4,5,0,0.0
dissatisfied,disloyal Customer,30,Business travel,Eco,1825,3,3,3,3,1,3,1,1,4,2,4,2,4,1,9,9.0
satisfied,Loyal Customer,37,Business travel,Eco,1666,5,4,4,4,5,5,5,5,1,1,4,1,5,5,0,0.0
satisfied,Loyal Customer,55,Personal Travel,Eco,1216,5,5,5,5,3,3,3,3,3,5,1,3,5,3,15,0.0
dissatisfied,Loyal Customer,33,Personal Travel,Eco,1862,2,5,2,1,1,2,1,1,3,5,4,3,4,1,13,9.0
dissatisfied,Loyal Customer,52,Business travel,Business,2974,1,5,5,5,5,3,3,1,1,1,1,1,1,4,120,124.0
dissatisfied,disloyal Customer,27,Business travel,Business,1954,2,2,2,2,3,2,3,3,4,3,4,5,4,3,0,0.0
satisfied,Loyal Customer,16,Personal Travel,Eco Plus,2042,1,1,1,1,4,4,1,5,5,5,5,4,5,4,0,0.0
satisfied,Loyal Customer,38,Business travel,Business,2453,5,5,5,5,4,4,5,4,4,4,4,3,4,3,0,0.0
satisfied,Loyal Customer,49,Personal Travel,Eco,857,4,4,5,1,3,4,4,5,5,5,5,5,5,5,9,1.0
satisfied,Loyal Customer,52,Business travel,Business,1122,5,5,5,5,5,4,4,2,2,2,2,3,2,5,0,0.0
satisfied,Loyal Customer,31,Business travel,Business,3318,1,1,4,1,5,5,5,5,3,4,4,4,4,5,0,0.0
satisfied,Loyal Customer,55,Personal Travel,Eco,662,4,4,4,4,2,5,5,5,5,5,5,4,5,4,0,0.0
dissatisfied,disloyal Customer,24,Business travel,Eco,2732,2,2,2,2,2,2,2,2,5,3,4,3,4,2,0,0.0
dissatisfied,Loyal Customer,28,Personal Travel,Eco,2465,3,5,4,4,2,4,2,2,3,5,4,4,4,2,0,0.0
dissatisfied,Loyal Customer,22,Personal Travel,Eco,2073,4,5,4,2,4,4,3,4,5,4,5,3,5,4,0,0.0
dissatisfied,Loyal Customer,10,Personal Travel,Eco,2425,2,4,2,2,2,4,3,2,3,1,5,3,4,3,128,233.0
satisfied,Loyal Customer,55,Business travel,Business,435,3,3,3,3,3,5,5,4,4,4,4,4,4,4,0,0.0
dissatisfied,Loyal Customer,41,Business travel,Business,570,4,5,2,2,3,3,3,4,4,4,4,1,4,2,21,8.0
satisfied,Loyal Customer,62,Business travel,Eco Plus,1743,5,5,3,5,5,5,5,5,4,1,1,5,3,5,0,0.0
dissatisfied,Loyal Customer,38,Personal Travel,Eco Plus,1551,1,5,0,4,3,0,4,3,3,5,5,5,4,3,79,74.0
satisfied,Loyal Customer,34,Business travel,Business,2901,5,5,4,5,5,5,1,5,5,5,5,4,5,1,0,0.0
dissatisfied,Loyal Customer,35,Personal Travel,Eco,1990,3,4,3,3,1,3,1,1,1,3,4,3,4,1,0,0.0
satisfied,Loyal Customer,46,Personal Travel,Eco,94,4,2,4,2,5,4,1,5,2,5,2,4,3,5,45,29.0
satisfied,Loyal Customer,53,Business travel,Business,2237,1,1,1,1,3,4,5,5,5,5,5,5,5,4,39,35.0
satisfied,Loyal Customer,36,Business travel,Business,3964,2,2,2,2,5,4,4,5,5,5,5,5,5,3,0,1.0
satisfied,Loyal Customer,31,Personal Travel,Eco,1431,5,5,5,5,4,5,5,5,5,5,5,3,5,4,0,0.0
satisfied,Loyal Customer,49,Business travel,Eco Plus,1736,4,2,5,2,3,4,3,3,1,4,1,1,3,3,6,0.0
satisfied,Loyal Customer,16,Personal Travel,Eco,2604,0,4,0,3,4,0,4,4,4,2,5,5,4,4,4,14.0
dissatisfied,Loyal Customer,60,Business travel,Business,357,3,3,3,3,1,3,4,3,3,3,3,1,3,3,0,0.0
satisfied,Loyal Customer,40,Business travel,Business,430,2,2,2,2,3,5,5,5,5,4,5,5,5,4,0,6.0
satisfied,Loyal Customer,52,Business travel,Eco,471,5,2,5,2,2,4,3,5,5,5,5,4,5,2,0,0.0
satisfied,Loyal Customer,59,Personal Travel,Eco,778,5,5,5,5,3,5,4,4,4,4,4,4,4,5,4,0.0
dissatisfied,disloyal Customer,26,Business travel,Eco,1539,3,0,3,2,5,3,5,5,3,2,1,5,5,5,0,0.0
dissatisfied,Loyal Customer,32,Personal Travel,Business,2488,3,5,3,4,4,3,4,4,3,3,5,1,4,4,46,24.0
satisfied,disloyal Customer,42,Business travel,Business,2171,5,5,5,3,4,5,4,4,4,4,4,5,4,4,11,0.0
satisfied,Loyal Customer,54,Business travel,Business,341,1,1,1,1,2,5,5,4,4,4,4,3,4,4,0,1.0
dissatisfied,disloyal Customer,26,Business travel,Business,2001,3,4,3,1,4,3,4,4,2,4,4,3,2,4,17,9.0
dissatisfied,disloyal Customer,37,Business travel,Eco Plus,1411,2,3,3,4,3,3,1,3,3,4,5,3,5,3,0,0.0
dissatisfied,Loyal Customer,55,Business travel,Business,1428,3,5,5,5,4,3,2,3,3,3,3,1,3,4,1,0.0
dissatisfied,disloyal Customer,38,Business travel,Business,2933,3,3,3,4,4,3,4,4,4,3,4,3,5,4,10,0.0
satisfied,Loyal Customer,34,Business travel,Eco Plus,1193,0,0,0,3,5,0,1,5,4,4,1,3,3,5,0,0.0
satisfied,Loyal Customer,32,Business travel,Business,2582,4,4,4,4,4,4,4,4,5,3,4,3,5,4,2,0.0
satisfied,Loyal Customer,16,Personal Travel,Eco,1922,5,5,4,5,4,4,4,4,5,2,5,5,5,4,0,0.0
dissatisfied,disloyal Customer,26,Business travel,Business,1905,2,4,2,2,5,2,5,5,5,3,5,3,5,5,4,6.0
dissatisfied,Loyal Customer,48,Business travel,Eco Plus,1930,1,4,4,4,1,1,1,1,1,3,4,2,3,1,0,0.0
dissatisfied,Loyal Customer,42,Business travel,Eco,2307,2,3,3,3,2,2,2,2,3,1,3,4,3,2,0,0.0
dissatisfied,Loyal Customer,50,Personal Travel,Business,61,2,2,0,4,1,3,3,4,4,0,4,4,4,1,0,16.0
dissatisfied,Loyal Customer,44,Business travel,Business,1837,1,5,5,5,1,2,3,1,1,1,1,2,1,3,3,16.0
satisfied,Loyal Customer,44,Business travel,Business,2224,4,4,4,4,5,4,4,4,4,4,4,5,4,3,0,0.0
dissatisfied,disloyal Customer,49,Business travel,Business,2558,3,3,3,3,1,3,1,1,5,5,5,5,5,1,0,4.0
satisfied,Loyal Customer,35,Business travel,Eco,1014,3,4,4,4,3,4,3,3,4,5,3,2,3,3,0,5.0
satisfied,Loyal Customer,48,Business travel,Business,1680,1,1,1,1,2,4,5,4,4,5,4,4,4,5,0,0.0
satisfied,Loyal Customer,33,Business travel,Business,2817,3,3,3,3,4,4,4,4,3,5,5,4,5,4,41,29.0
dissatisfied,Loyal Customer,22,Business travel,Business,3937,3,4,4,4,3,3,3,3,1,1,3,2,2,3,15,66.0
satisfied,Loyal Customer,44,Business travel,Business,2956,5,5,3,5,1,1,5,5,5,5,5,2,5,2,0,0.0
dissatisfied,disloyal Customer,22,Business travel,Eco,1326,2,0,2,1,2,2,1,2,3,4,1,3,2,2,0,0.0
satisfied,Loyal Customer,38,Personal Travel,Eco Plus,2947,5,5,5,5,2,3,5,5,5,5,5,4,5,1,19,0.0
satisfied,Loyal Customer,57,Business travel,Business,1690,4,4,4,4,4,4,5,5,5,5,5,3,5,4,31,25.0
dissatisfied,Loyal Customer,70,Personal Travel,Eco,3686,2,4,2,1,5,2,5,5,4,3,4,3,5,5,0,0.0
dissatisfied,disloyal Customer,27,Business travel,Eco,2839,1,1,1,3,1,2,2,1,2,4,3,2,3,2,5,62.0
satisfied,Loyal Customer,50,Business travel,Business,3300,2,2,2,2,4,4,4,4,4,4,4,3,4,4,0,0.0
dissatisfied,Loyal Customer,37,Personal Travel,Eco,1765,3,3,3,3,2,3,5,2,1,4,4,4,1,2,0,0.0
satisfied,Loyal Customer,38,Business travel,Business,3410,2,2,2,2,2,5,5,5,5,5,5,5,5,4,0,0.0
satisfied,Loyal Customer,39,Business travel,Business,2472,0,1,1,5,5,5,4,3,3,3,3,5,3,5,45,45.0
satisfied,Loyal Customer,43,Business travel,Business,629,5,1,5,5,3,5,5,4,4,5,4,5,4,4,1,0.0
satisfied,Loyal Customer,49,Personal Travel,Eco,2466,3,3,3,3,3,4,4,2,2,2,2,3,2,5,0,0.0
satisfied,Loyal Customer,26,Personal Travel,Business,1499,5,5,5,5,3,4,2,5,5,5,5,1,5,3,0,0.0
dissatisfied,Loyal Customer,34,Personal Travel,Eco,1843,3,4,3,2,5,3,5,5,5,5,4,5,5,5,10,0.0
dissatisfied,disloyal Customer,21,Business travel,Eco,2004,1,1,1,3,2,1,2,2,2,1,3,4,3,2,0,0.0
satisfied,Loyal Customer,45,Business travel,Business,917,4,4,4,4,5,4,5,5,5,5,5,3,5,5,15,4.0
